file_name,Value,Address_Value,PID,Name,Parent_PID,File_Name,Command_Line,Current_Directory,Path,Full_Path,File_Path,Device_Path,File_Extension,Key,Hive,Data,Datatype,Display_Name,Service_Type,Startup_Command_Line,Startup_Type,Simple_Hash_Value,Type,Hostname_Value,Layer7_Protocol,Port_Value,Layer4_Protocol,Properties,PID_Num,Parent_PID_Num,File_Num,Hash_Value,Family
04ad737a6336.xml,zaratoons.info,212.73.150.207,2880,cscript.exe,1116,cscript.exe,"""C:\Windows\System32\CScript.exe""  ""C:\Users\5P5NRG~1\Desktop\dokumentacja_92622.vbe"" ",C:\Windows\system32\,c:\windows\system32\cscript.exe,conout$,windows\system32\windowspowershell\v1.0\getevent.types.ps1xml,c:\,ps1xml,Software\Microsoft\PowerShell\1\PowerShellEngine,HKEY_LOCAL_MACHINE,,,,,,,,,,,,,,277,70,1089,2dddc57a59b07449a052167218bc3a198c8cd82c,Downloader
068ee14069f2.xml,mzrevenge.ga,128.127.106.29,2908,ausmwsjhplkbv4ai.exe,1108,ausmwsjhplkbv4ai.exe,"""C:\Users\5p5NrGJn0jS HALPmcxz\Desktop\aUsMWsjhpLkBV4ai.exe"" ",C:\Users\5p5NrGJn0jS HALPmcxz\Desktop\,c:\users\5p5nrgjn0js halpmcxz\desktop\ausmwsjhplkbv4ai.exe,,,,,Software\Microsoft\PowerShell\1\PowerShellEngine,HKEY_LOCAL_MACHINE,1,REG_DWORD_LITTLE_ENDIAN,,,,,,,,,,,,11,7,0,b245e9388282209c17442c38ea4668d2798b2651,Ransom
08fc0df9273e.xml,robotrade.com.vn,103.74.123.3,2432,winword.exe,1112,winword.exe,"""C:\Program Files\Microsoft Office\Root\Office16\WINWORD.EXE"" /n",C:\Users\aETAdzjz\Desktop\,c:\program files\microsoft office\root\office16\winword.exe,,,,,Software\Microsoft\.NETFramework,HKEY_CURRENT_USER,,,,,,,,,,,,,,12,9,0,14e05f21dc89b493c287c479422f57fcbd52f756,Exploit
1f8feaadbc49.xml,,,2376,whzqnu.exe,1112,whzqnu.exe,"""C:\Users\5p5NrGJn0jS HALPmcxz\Desktop\whzqnu.exe"" ",C:\Users\5p5NrGJn0jS HALPmcxz\Desktop\,c:\users\5p5nrgjn0js halpmcxz\desktop\whzqnu.exe,STD_OUTPUT_HANDLE,boot\bcd.log,c:\,txt,Software\Microsoft\Command Processor,HKEY_CURRENT_USER,,,,,,,,,,,,,,55,33,1029,2f16c0b706a3064867f49aca41a6c6203081d1be,Ransom
2019-snatch-ransomware.xml,,,2252,snatch-d0ddc221.vir.exe,1100,snatch-d0ddc221.vir.exe,"""C:\Users\aETAdzjz\Desktop\snatch-d0ddc221.vir.exe"" ",C:\Users\aETAdzjz\Desktop\,c:\users\aetadzjz\desktop\snatch-d0ddc221.vir.exe,,,,,SYSTEM\CurrentControlSet\Control,HKEY_LOCAL_MACHINE,Service,REG_SZ,This service make backup copy every day,SERVICE_WIN32_OWN_PROCESS,C:\Users\aETAdzjz\Desktop\snatch-d0ddc221.vir.exe is auto-started,SERVICE_AUTO_START,,,,,,,,21,4,0,1ebd755618055ceac4ae1c139182b2c0997d05f1,Ransom
233767c999cb.xml,,,2532,233767c999cb351c19f993039552a3be754cc0bb87304ab50b74433015b08316.exe,1544,233767c999cb351c19f993039552a3be754cc0bb87304ab50b74433015b08316.exe,"""C:\Users\EEBsYm5\Desktop\233767c999cb351c19f993039552a3be754cc0bb87304ab50b74433015b08316.exe"" ",C:\Users\EEBsYm5\Desktop\,c:\users\eebsym5\desktop\233767c999cb351c19f993039552a3be754cc0bb87304ab50b74433015b08316.exe,c:\users\all users\package cache\{13a4ee12-23ea-3371-91ee-efb36ddfff3e}v12.0.21005\packages\vcruntimeminimum_x86\18118810.gqkyo,users\all users\package cache\{13a4ee12-23ea-3371-91ee-efb36ddfff3e}v12.0.21005\packages\vcruntimeminimum_x86\18118810.gqkyo,c:\,txt,SOFTWARE\AppDataLow\Software\,HKEY_CURRENT_USER,BgIAAACkAABSU0ExAAQAAAEAAQAHKAWXCKQYidApAAfY3ZkxYnoiTvokaNYzMFedPRDdlc6gtHAbL6JH5L4E4tam5sAPnAm7gsyuSnDRwnlmfutwuPuBZSonphttXXvG2BpnxwBMyHsKdyIcoChIV1LMuWqIgI0uCRUb1nOVY+KRoq3Otoi1Cm99Il584v5nmY2j7g==,REG_SZ,,,,,3d4e3b1f72e8c25008dd88ad2c93581b,MD5,,,,,,1,1,426,e99e23e84a0755e25b87f1ec8fc1efca2e3e8831,Ransom
263cf261a45e.xml,www.fuente-ovejuna.cz,156.67.210.210,3692,cscript.exe,1500,cscript.exe,"""C:\Windows\System32\CScript.exe""  ""C:\Users\CIIHMN~1\Desktop\PAQUET~1.JS"" ",C:\Windows\system32\,c:\windows\system32\cscript.exe,STD_OUTPUT_HANDLE,Users\CIiHmnxMn6Ps\AppData\Local\nzpnpqiti\86976.exe,c:\,exe,Software\Microsoft\Windows Script Host\Settings,HKEY_LOCAL_MACHINE,"""C:\Users\CIiHmnxMn6Ps\AppData\Local\Relatorio_Erros\svchost.exe""",REG_SZ,,,,,f612bccf909dbc5bbf1779d44a9ca045,MD5,www.wkc.co.id,HTTP,443,,,6,5,11,23406158ebaa3ecd80b0ddca621cacc2854c7150,Trojan
2c5729e17b64.xml,i86h.com,217.182.53.69,2308,acrord32.exe,1532,acrord32.exe,"""C:\Program Files\Adobe\Reader 8.0.0\Reader\AcroRd32.exe""",C:\Users\BMe1N39jU1 6criBQ\Desktop\,c:\program files\adobe\reader 8.0.0\reader\acrord32.exe,STD_OUTPUT_HANDLE,users\bme1n39ju1 6cribq\appdata\roaming\intel\sign.bin,c:\,ps1xml,Software\Microsoft\PowerShell\1\PowerShellEngine,HKEY_LOCAL_MACHINE,C:\Users\BME1N3~1\AppData\Local\Temp\cmd_.exe -a,REG_SZ,,,,,,,i86h.com,HTTP,80,,,6,6,26,7bc60af7993f8bf3d595e98e87f8dd99d8e7182e,Downloader
303ad8c115d9.xml,ron4law.com,50.87.144.227,2492,winword.exe,1112,winword.exe,"""C:\Program Files\Microsoft Office\Root\Office16\WINWORD.EXE"" /n",C:\Users\aETAdzjz\Desktop\,c:\program files\microsoft office\root\office16\winword.exe,STD_INPUT_HANDLE,windows\system32\c_1252.nls,c:\,dll,Software\AppDataLow\Software\Microsoft\3632F5D8-1D04-D8B6-57CA-A18C7B9E6580,HKEY_CLASSES_ROOT,"rundll32 ""C:\Users\aETAdzjz\AppData\Roaming\Microsoft\Crypore6\bdeskmgr.dll""",REG_BINARY,,,,,,,,,,,,11,7,37,127042472e86dbe86cd8ed429a6c975c438be542,Trojan
329b3ddbf1c0.xml,www.kakaocorp.link,185.52.2.154,3788,rlxsbp.exe,1404,rlxsbp.exe,"""C:\Users\CIiHmnxMn6Ps\Desktop\rlxsbp.exe"" ",C:\Users\CIiHmnxMn6Ps\Desktop\,c:\users\ciihmnxmn6ps\desktop\rlxsbp.exe,c:\users\ciihmnxmn6ps\appdata\roaming\mozilla\firefox\profiles\8i341t8m.default\gmp-gmpopenh264\1.6\gmpopenh264.info.sfrpesivt,users\ciihmnxmn6ps\appdata\roaming\mozilla\firefox\profiles\8i341t8m.default\gmp-gmpopenh264\1.6\gmpopenh264.info.sfrpesivt,c:\,sfrpesivt,Keyboard Layout\Preload,HKEY_LOCAL_MACHINE,,,,,,,,,www.kakaocorp.link,HTTP,80,,,2,2,482,6300dca046dee2d99f8429bdb9b5f3edc4d5ec1c,Ransom
32f7a9e9e50f.xml,google.com,172.217.23.142,2852,lef9nvbny3gqm5dx.exe,1108,lef9nvbny3gqm5dx.exe,"""C:\Users\5p5NrGJn0jS HALPmcxz\Desktop\Lef9NVBNY3Gqm5dX.exe"" ",C:\Users\5p5NrGJn0jS HALPmcxz\Desktop\,c:\users\5p5nrgjn0js halpmcxz\desktop\lef9nvbny3gqm5dx.exe,,,,,software\microsoft\windows\currentversion\run,HKEY_LOCAL_MACHINE,C:\ProgramData\GSogosQc\YMIIsQMA.exe,REG_SZ,lMMYIkPL,SERVICE_WIN32_OWN_PROCESS,C:\ProgramData\VWcUEoYI\ssYIYkgc.exe,SERVICE_AUTO_START,,,google.com,HTTP,80,TCP,,24,10,0,6b4b6a3ae92084d78e50277896fe9e9e297acae9,Virus
3692f99b7666.xml,icanhazip.com,46.173.218.240,2236,winword.exe,924,winword.exe,"""C:\Program Files\Microsoft Office\Root\Office16\WINWORD.EXE"" /n",C:\Users\aETAdzjz\Desktop\,c:\program files\microsoft office\root\office16\winword.exe,STD_OUTPUT_HANDLE,windows\syswow64\windowspowershell\v1.0\getevent.types.ps1xml,c:\,ps1xml,Software\Microsoft\VBA\7.1\Common,HKEY_LOCAL_MACHINE,0,REG_SZ,,,,,,,icanhazip.com,HTTP,80,TCP,,25,20,63,562899367b8212c2aca639f6f6a68d5294971c94,Downloader
43e67197f480.xml,,,3132,svhost.exe,1288,svhost.exe,"""C:\Users\CIiHmnxMn6Ps\Desktop\svhost.exe"" ",C:\Users\CIiHmnxMn6Ps\Desktop\,c:\users\ciihmnxmn6ps\desktop\svhost.exe,c:\users\ciihmnxmn6ps\appdata\local\iconcache.db.ox4444,users\ciihmnxmn6ps\appdata\local\iconcache.db.ox4444,c:\,ox4444,Software\Microsoft\Windows\CurrentVersion\RunOnce,HKEY_CURRENT_USER,C:\Users\CIiHmnxMn6Ps\AppData\Local\svhost.exe,REG_SZ,,,,,,,,,,,,2,2,2308,7c47817efce809af0d25d179d673f7dc9b413248,Trojan
49a56e067a73.xml,raw.githubusercontent.com,151.101.12.133,4452,brjujs.exe,1376,brjujs.exe,"""C:\Users\FD1HVy\Desktop\brjujs.exe"" ",C:\Users\FD1HVy\Desktop\,c:\users\fd1hvy\desktop\brjujs.exe,,,,,SOFTWARE\Microsoft\Windows NT\CurrentVersion,HKEY_LOCAL_MACHINE,,,,,,,,,,,,,,1,1,0,40bdba0699a9e2b003f929717c14b5b3966ff9f4,Spy
4b12f4fdf07d.xml,,,2744,lok.exe,1108,lok.exe,"""C:\Users\5p5NrGJn0jS HALPmcxz\Desktop\lok.exe"" ",C:\Users\5p5NrGJn0jS HALPmcxz\Desktop\,c:\users\5p5nrgjn0js halpmcxz\desktop\lok.exe,,,,,SOFTWARE\Microsoft\Windows NT\CurrentVersion,HKEY_LOCAL_MACHINE,"""C:\Users\5p5NrGJn0jS HALPmcxz\Desktop\lok.exe""",REG_SZ,,,,,,,,,,,,60,4,0,a2a477a36236e38ca0140e3f751006a624f142ef,Trojan
4e38fd97f1d6.xml,smtp.yandex.ru,213.180.204.38,2704,nrpswgral.exe,2144,nrpswgral.exe,"""C:\Users\FD1HVy\Desktop\nrpswgral.exe"" ",C:\Users\FD1HVy\Desktop\,c:\users\fd1hvy\desktop\nrpswgral.exe,c:\windows\microsoft.net\framework\v4.0.30319\config\machine.config,windows\microsoft.net\framework\v4.0.30319\config\machine.config,c:\,ini,SOFTWARE\Microsoft\.NETFramework\v4.0.30319,HKEY_LOCAL_MACHINE,,,,,,,,,,,,,,1,1,26,6b22373f655d9d25b3fd474597ac5933c2b4248c,Trojan
4ef2c020a2f4.xml,www.sgnaturn.com,198.54.121.5,2284,winword.exe,924,winword.exe,"""C:\Program Files\Microsoft Office\Root\Office16\WINWORD.EXE"" /n",C:\Users\aETAdzjz\Desktop\,c:\program files\microsoft office\root\office16\winword.exe,STD_INPUT_HANDLE,users\aetadzjz\appdata\local\temp\zmxzaa.vbs,\??\C:\,ini,Software\Microsoft\Internet Explorer\Main\FeatureControl,HKEY_LOCAL_MACHINE,C:\Program Files (x86)\Flpxdufw0\mskr8xjle.exe,REG_SZ,,,,,,,www.sgnaturn.com,HTTP,80,TCP,"
                ",17,13,52,81a7421c63abf275c67a2caaf27737b24fcfc3de,Exploit
53f7d917ad9e.xml,pilodirsob.com,5.188.60.53,2568,sgm_20190527_desfuhohdt.exe,1112,sgm_20190527_desfuhohdt.exe,"""C:\Users\aETAdzjz\Desktop\sgm_20190527_desfuhohdt.exe"" ",C:\Users\aETAdzjz\Desktop\,c:\users\aetadzjz\desktop\sgm_20190527_desfuhohdt.exe,STD_OUTPUT_HANDLE,users\aetadzjz\appdata\local\temp\1d0e.bin1,c:\,jpg,SOFTWARE\Wow6432Node\Microsoft\Windows\CurrentVersion\Uninstall\{26A24AE4-039D-4CA4-87B4-2F03217071FF},HKEY_LOCAL_MACHINE,0,REG_BINARY,,,,,,,,,,,,35,13,724,41c124f8b5341773046ac9c6b5924b7919e0ac15,Downloader
540b64d8ff20.xml,api.ipify.org,107.22.251.25,3060,winword.exe,1112,winword.exe,"""C:\Program Files\Microsoft Office\Root\Office16\WINWORD.EXE"" /n",C:\Users\aETAdzjz\Desktop\,c:\program files\microsoft office\root\office16\winword.exe,,,,,Software\Microsoft\Office\15.0\Outlook\Profiles\Outlook\9375CFF0413111d3B88A00104B2A6676,HKEY_CURRENT_USER,,,,,,,,,,,,,,11,8,0,e2cbde1aed4d883cf323c38f6815880cfc0ac2b3,Exploit
5d4e22be32dc.xml,www.vacanzaimmobiliare.it,185.81.4.56,2404,nqmdwcixbxs.exe,1116,nqmdwcixbxs.exe,"""C:\Users\5p5NrGJn0jS HALPmcxz\Desktop\nqmdwcixbxs.exe"" ",C:\Users\5p5NrGJn0jS HALPmcxz\Desktop\,c:\users\5p5nrgjn0js halpmcxz\desktop\nqmdwcixbxs.exe,c:\windows\microsoft.net\framework\v2.0.50727\config\machine.config,windows\microsoft.net\framework\v2.0.50727\config\machine.config,c:\,ini,Software\Microsoft\Wbem\Scripting,HKEY_CURRENT_USER,C:\Users\5p5NrGJn0jS HALPmcxz\AppData\Roaming\Java\JavaUpdtr.exe,REG_SZ,,,,,,,,,,,,2,2,12,27f0ca2bf23aca5bf4c737480038f23c7eea5b96,Trojan
634ad02fba53.xml,google.com,,2136,urkotu.exe,1288,urkotu.exe,"""C:\Users\CIiHmnxMn6Ps\Desktop\urkotu.exe"" ",C:\Users\CIiHmnxMn6Ps\Desktop\,c:\users\ciihmnxmn6ps\desktop\urkotu.exe,c:\users\ciihmnxmn6ps\desktop\urkotu.exe,users\ciihmnxmn6ps\desktop\urkotu.exe,c:\,exe,Software\AppDataLow\Software\{2F917068-DC0D-ADE9-C564-77CBD67FE7B8}\11881FB1\e6577de29e95e38a02,HKEY_CURRENT_USER,3,REG_SZ,,,,,,,,,,,,22,3,20,e12b557a77bb984674374109d99717eb97bc6429,Trojan
695e211d206e.xml,api.db-ip.com,104.26.5.15,5004,yjpgfqu.exe,2000,yjpgfqu.exe,"""C:\Users\FD1HVy\Desktop\yjpgfqu.exe"" ",C:\Users\FD1HVy\Desktop\,c:\users\fd1hvy\desktop\yjpgfqu.exe,,,,,Software\Microsoft\PowerShell\3\PowerShellEngine,HKEY_LOCAL_MACHINE,NEMTY_D73IOGW,REG_SZ,,,,,,,,,,,,55,25,0,1d900c8da2b5db13df454883289443ad7ba29763,Dropper
6d365f7901cd.xml,,,2720,cscript.exe,1380,cscript.exe,"""C:\Windows\System32\CScript.exe""  ""C:\Users\5P5NRG~1\Desktop\SCAN92~1.JS"" ",C:\Windows\system32\,c:\windows\system32\cscript.exe,STD_OUTPUT_HANDLE,users\5p5nrgjn0js halpmcxz\appdata\local\temp\tmp4ef.tmp,c:\,exe,Software\Microsoft\Windows Script Host\Settings,HKEY_LOCAL_MACHINE,C:\Program Files (x86)\IMAP Service\imapsv.exe,REG_SZ,,,,,f6cb9cb7189e5b3311511a09bf49bc60,MD5,,,,,"
                ",6,5,26,f4e408b3e3d2c2a8f5a0d90c9682f3cfce0d28a5,Trojan
6e4cc242e9b4.xml,workharder.club,185.252.213.161,2788,1.exe,1384,1.exe,"""C:\Users\5p5NrGJn0jS HALPmcxz\Desktop\1.exe"" ",C:\Users\5p5NrGJn0jS HALPmcxz\Desktop\,c:\users\5p5nrgjn0js halpmcxz\desktop\1.exe,STD_INPUT_HANDLE,users\5p5nrg~1\appdata\local\temp\209150999161799351040.tmp-wal,c:\,txt,Software\Microsoft\Windows NT\CurrentVersion\Windows Messaging Subsystem\Profiles\Outlook\9375CFF0413111d3B88A00104B2A6676\00000003,HKEY_LOCAL_MACHINE,,,,,,,,,workharder.club,HTTP,80,,,3,3,61,135bb3f6571e62d5863ee7604d5b3f8cf954fadb,PSW
72cca77c3813.xml,,,4288,mfo4ed9hfrpsso4o.exe,1376,mfo4ed9hfrpsso4o.exe,"""C:\Users\FD1HVy\Desktop\mFO4ED9hfrpsSO4O.exe"" ",C:\Users\FD1HVy\Desktop\,c:\users\fd1hvy\desktop\mfo4ed9hfrpsso4o.exe,,,,,HARDWARE\DEVICEMAP\Scsi\Scsi Port 0\Scsi Bus 0\Target Id 0\Logical Unit Id 0,HKEY_USERS,,,,,,,,,,,,,,24,4,0,c22a6a4cefcd2fe4c06a4244dce0c13bcf63d269,Spy
7ea94da41974.xml,jadema.com.py,192.185.73.158,2336,winword.exe,1120,winword.exe,"""C:\Program Files\Microsoft Office\Root\Office16\WINWORD.EXE"" /n",C:\Users\aETAdzjz\Desktop\,c:\program files\microsoft office\root\office16\winword.exe,STD_INPUT_HANDLE,Windows\SysWOW64\ntdll.dll,\??\C:\,ini,Software\Microsoft\PowerShell\1\PowerShellEngine,HKEY_LOCAL_MACHINE,C:\Program Files (x86)\Lihhl\services3f4.exe,REG_SZ,,,,,,,jadema.com.py,HTTP,80,TCP,,12,9,56,87765ed26b9f75f028ba7061a8abaadec0a2bc92,Downloader
81f1a5faaa79.xml,vdtogt.nl,74.141.205.116,2468,winword.exe,1272,winword.exe,"""C:\Program Files\Microsoft Office\Office15\WINWORD.EXE"" /n",C:\Users\BGC6u8Oy yXGxkR\Desktop\,c:\program files\microsoft office\office15\winword.exe,STD_OUTPUT_HANDLE,windows\system32\windowspowershell\v1.0\dotnettypes.format.ps1xml,c:\,dat,Software\Microsoft\PowerShell\1\PowerShellEngine,HKEY_LOCAL_MACHINE,,,,,,,,,vdtogt.nl,HTTP,80,UDP,,10,8,26,9d34a049d49d0e2f741ea16ac4c53cfda4397e1d,Trojan
8af0d99cef6f.xml,,,864,cake4.exe,1108,cake4.exe,"""C:\Users\5p5NrGJn0jS HALPmcxz\Desktop\cake4.exe"" ",C:\Users\5p5NrGJn0jS HALPmcxz\Desktop\,c:\users\5p5nrgjn0js halpmcxz\desktop\cake4.exe,,,,,Software\Microsoft\Internet Explorer\Main\FeatureControl,HKEY_CURRENT_USER,┢偁䑐呁╁浜瑨灯㈳楢⹴硥≥,REG_SZ,,,,,,,,,,,,38,7,0,1402b9c544092ee911d0638c0dfde51790a6708c,Trojan
8de41ace64ef.xml,tnaapparels.com,192.95.7.159,2424,3838612080743901967.exe,1544,3838612080743901967.exe,"""C:\Users\EEBsYm5\Desktop\3838612080743901967.exe"" ",C:\Users\EEBsYm5\Desktop\,c:\users\eebsym5\desktop\3838612080743901967.exe,c:\users\eebsym5\appdata\local\temp\18144644.bat,users\eebsym5\appdata\local\temp\18144644.bat,c:\,dat,Software\Microsoft\Windows NT\CurrentVersion\Windows Messaging Subsystem\Profiles\Outlook\9375CFF0413111d3B88A00104B2A6676\00000001,HKEY_LOCAL_MACHINE,,,,,,,3880eeb1c736d853eb13b44898b718ab,MD5,tnaapparels.com,HTTP,80,TCP,,3,3,89,e67faa73f0cd297c497624a027559de477b707e6,Trojan
93986d4e88a8.xml,supermen22.beget.tech,5.101.152.252,3600,globalhack[rueunavn][17.02.2019] .exe,1404,globalhack[rueunavn][17.02.2019] .exe,"""C:\Users\CIiHmnxMn6Ps\Desktop\GlobalHack[RUEUNAVN][17.02.2019] .exe"" ",C:\Users\CIiHmnxMn6Ps\Desktop\,c:\users\ciihmnxmn6ps\desktop\globalhack[rueunavn][17.02.2019] .exe,c:\users\ciihmnxmn6ps\appdata\roaming\mozilla\firefox\profiles\8i341t8m.default\cookies.sqlite,users\ciihmnxmn6ps\appdata\roaming\mozilla\firefox\profiles\8i341t8m.default\cookies.sqlite,c:\,txt,SOFTWARE\Microsoft\Cryptography,HKEY_LOCAL_MACHINE,,,,,,,,,supermen22.beget.tech,HTTP,80,,,1,1,73,a5839a2676d4e0ce73ae66fc1e3ad2c87e9ed4f6,Trojan
9b86a50b36ae.xml,,,176,xhcdxx.exe,1112,xhcdxx.exe,"""C:\Users\5p5NrGJn0jS HALPmcxz\Desktop\xhcdxx.exe"" ",C:\Users\5p5NrGJn0jS HALPmcxz\Desktop\,c:\users\5p5nrgjn0js halpmcxz\desktop\xhcdxx.exe,STD_OUTPUT_HANDLE,users\public\sys,c:\,png,Software\Microsoft\Command Processor,HKEY_CURRENT_USER,C:\Users\5p5NrGJn0jS HALPmcxz\Desktop\xhcdxx.exe,REG_SZ,,,,,,,,,,,,550,310,2746,ad20c6fac565f901c82a21b70f9739037eb54818,Trojan
Globeimposter-Ransomware-analysis.xml,http://rorymartin8.info/hudgy356?,,3736,cscript.exe,1832,cscript.exe,"""C:\Windows\System32\CScript.exe""  ""C:\Users\CIIHMN~1\Desktop\MSC000~1.VBS"" ",C:\Windows\system32\,c:\windows\system32\cscript.exe,STD_OUTPUT_HANDLE,users\ciihmn~1\appdata\local\temp\w8nb,c:\,settingcontent-ms,Software\Microsoft\Windows Script Host\Settings,HKEY_CURRENT_USER,C:\Users\CIiHmnxMn6Ps\AppData\Roaming\vwOrbzLbc.exe,REG_SZ,,,,,1298ca6e188d639b1f38c31677bfcd95,MD5,rorymartin8.info,HTTP,80,,,20,13,1628,d18a0df0bd2393221f0bbd17e48d6c4ac1ea28f6,Trojan
XZZX-cryptomix-ransomware-analysis.xml,,,2500,xzzx_cryptmix.vir.exe,1376,xzzx_cryptmix.vir.exe,"""C:\Users\5p5NrGJn0jS HALPmcxz\Desktop\xzzx_cryptMix.vir.exe"" ",C:\Users\5p5NrGJn0jS HALPmcxz\Desktop\,c:\users\5p5nrgjn0js halpmcxz\desktop\xzzx_cryptmix.vir.exe,STD_OUTPUT_HANDLE,programdata\f06c3c509054x0b7d28zcddbb17087b9c3e.xzzx,c:\,xzzx,Software\Microsoft\Windows\CurrentVersion,HKEY_CURRENT_USER,"""C:\ProgramData\BCE1010314.exe""",REG_DWORD_LITTLE_ENDIAN,,,,,99b4288995857301d312d28c2291153d,MD5,,,,,,25,13,806,548058b2233b75cdfd964c1d7be5d2b80818131a,Ransom
a14e514ddfc3.xml,185.222.202.79/sat36/YKYD69Q_W617601.2E664EE04488A02C628E0E6CA864C24A/5/spk/,64.44.51.87,2376,winword.exe,1120,winword.exe,"""C:\Program Files\Microsoft Office\Root\Office16\WINWORD.EXE"" /n",C:\Users\aETAdzjz\Desktop\,c:\program files\microsoft office\root\office16\winword.exe,STD_OUTPUT_HANDLE,windows\syswow64\ntdll.dll,c:\,ps1xml,Software\Microsoft\PowerShell\1\PowerShellEngine,HKEY_LOCAL_MACHINE,,,,,,,,,,HTTP,443,TCP,,25,20,58,7b845d0659f80ceb1ebfc85e580c716be3f5eed5,Dropper
a703dc8819dc.xml,,,4896,winword.exe,1984,winword.exe,"""C:\Program Files\Microsoft Office\Root\Office16\WINWORD.EXE"" /n",C:\Users\FD1HVy\Desktop\,c:\program files\microsoft office\root\office16\winword.exe,,,,,TypeLib\{00020905-0000-0000-C000-000000000046}\8.7\0,HKEY_CLASSES_ROOT,,,,,,,,,,,,,,2,2,0,a3b6e33901ffc15d15e2f3abae98c6da48727454,Backdoor
b2946daf21b5.xml,rijschoolfastandserious.nl,127.0.0.1,4880,winword.exe,1984,winword.exe,"""C:\Program Files\Microsoft Office\Root\Office16\WINWORD.EXE"" /n",C:\Users\FD1HVy\Desktop\,c:\program files\microsoft office\root\office16\winword.exe,,,,,Software\Microsoft\VBA\7.1\Common,HKEY_CLASSES_ROOT,,,,,,,,,,,,,,15,10,0,0087d1d0cdde6268a425ef6d546a77e3a120c0f5,Dropper
b365a249a15c.xml,xbr6lge984320911.notafiscal05.com,35.196.254.156,2436,cmd.exe,1528,cmd.exe,"""C:\Windows\system32\cmd.exe""  /k  start /MIN C:\Windows\\system32\\wbem\\WMIC.exe os get Kqncmv426",C:\Windows\system32\,c:\windows\system32\cmd.exe,c:\programdata\tempa\marxvxinhhmg.gif,programdata\tempa\marxvxinhhmg.gif,c:\,gif,Software\Microsoft\Command Processor,HKEY_LOCAL_MACHINE,,,,,,,,,xbr6lge984320911.notafiscal05.com,HTTP,80,,,60,8,102,86a14b63dd6fd7eae38d841f64d9799fa4a53542,Trojan
bad-rabbit-ransomware-flash-analysis.xml,,192.168.0.0,2376,ifzkkpwij.exe,1372,ifzkkpwij.exe,"""C:\Users\5p5NrGJn0jS HALPmcxz\Desktop\ifzkkpwij.exe"" ",C:\Users\5p5NrGJn0jS HALPmcxz\Desktop\,c:\users\5p5nrgjn0js halpmcxz\desktop\ifzkkpwij.exe,STD_OUTPUT_HANDLE,windows\infpub.dat,c:\,xml,Software\Microsoft\Command Processor,HKEY_LOCAL_MACHINE,1632268,REG_MULTI_SZ,Windows Client Side Caching DDriver,SERVICE_KERNEL_DRIVER,cscc.dat,SERVICE_BOOT_START,1d724f95c61f1055f0d02c2154bbccd3,MD5,,,445,TCP,,67,30,93,de5c8d858e6e41da715dca1c019df0bfb92d32c0,Ransom
blackruby-ransomware.xml,freegeoip.net,104.31.11.172,2528,defender.exe,1540,defender.exe,"""C:\Users\EEBsYm5\Desktop\Defender.exe"" ",C:\Users\EEBsYm5\Desktop\,c:\users\eebsym5\desktop\defender.exe,,,,,SOFTWARE\Microsoft\BlackRuby,HKEY_LOCAL_MACHINE,Max,REG_SZ,,,,,,,freegeoip.net,HTTP,80,,,3,2,0,bc5b077127e064e7e6b715f2d37abb80c5bf98cc,Trojan
c2bd70495630.xml,,,2824,iljueb.exe,1108,iljueb.exe,"""C:\Users\5p5NrGJn0jS HALPmcxz\Desktop\iljueb.exe"" ",C:\Users\5p5NrGJn0jS HALPmcxz\Desktop\,c:\users\5p5nrgjn0js halpmcxz\desktop\iljueb.exe,,,,,SOFTWARE\Microsoft\Cryptography,HKEY_LOCAL_MACHINE,,,,,,,,,,,,,,34,16,0,7c3a082237504d3bf36e47b986e02e014a2b8abc,Ransom
cc4e6e42f735.xml,connect-plus.co.uk,217.76.132.184,3040,winword.exe,1112,winword.exe,"""C:\Program Files\Microsoft Office\Root\Office16\WINWORD.EXE"" /n",C:\Users\aETAdzjz\Desktop\,c:\program files\microsoft office\root\office16\winword.exe,,,,,Software\Microsoft\VBA\7.1\Common,HKEY_CURRENT_USER,"""C:\Users\aETAdzjz\AppData\Local\msvcr100\certmgr.exe""",REG_SZ,,,,,,,,,,,,13,6,0,f4a52b0eccaaebfeb65ee380be4c10c114d0fcfb,Trojan
cobalt-strike-beacon-hta-analysis.xml,LHnIwsj,13.32.218.187,1792,mshta.exe,1832,mshta.exe,"""C:\Windows\System32\mshta.exe""  ""C:\Users\CIIHMN~1\Desktop\SECURE~1.HTA"" ",C:\Windows\system32\,c:\windows\system32\mshta.exe,STD_OUTPUT_HANDLE,windows\cercf51.tmp,c:\,tmp,Software\Microsoft\Internet Explorer\ChakraRecycler,HKEY_LOCAL_MACHINE,,,,,,,d41d8cd98f00b204e9800998ecf8427e,MD5,dl6zxn23r8r14.cloudfront.net,HTTP,443,,,8,7,11,5620e52094d75d3d8c47d4daade74fa45301e347,Downloader
cryptowire-wanacry4-analysis.xml,blockchain.info/tobtc?currency=USD&value=1500,,2720,wanacry6.malware.exe,312,wanacry6.malware.exe,"""C:\Users\5JgHKoaOfdp\Desktop\wanacry6.malware.exe"" ",C:\Users\5JgHKoaOfdp\Desktop\,c:\users\5jghkoaofdp\desktop\wanacry6.malware.exe,STD_OUTPUT_HANDLE,users\5jghkoaofdp\desktop\wanacry6.malware.exe,c:\,mp3,Software\Microsoft\Command Processor,INVALID,,,,,,,ec1abca3d8d1cf4cb5fe6cff5b19930c,MD5,blockchain.info,HTTP,443,,,84,43,402,5e301e5ee7ce8840bf9003df1f3d5cf3679f5753,Ransom
d45dfa191469.xml,239.255.255.250,208.86.13.216,3704,sample.exe,1404,sample.exe,"""C:\Users\CIiHmnxMn6Ps\Desktop\sample.exe"" ",C:\Users\CIiHmnxMn6Ps\Desktop\,c:\users\ciihmnxmn6ps\desktop\sample.exe,STD_INPUT_HANDLE,windows\syswow64\eulacompile.exe,c:\,exe,interface\{aa5b6a80-b834-11d0-932f-00a0c90dcaa9},HKEY_CURRENT_USER,,,indexerneutral,SERVICE_WIN32_OWN_PROCESS,"""C:\Windows\SysWOW64\indexerneutral.exe""",SERVICE_AUTO_START,,,,HTTP,443,UDP,,31,10,27,b88bcb2d8d6a4ed477a639ad85a21e22a26aa638,Trojan
d77378dcc42b.xml,www.macartegrise.eu,52.29.192.136,2556,o.exe,1452,o.exe,"""C:\Users\EEBsYm5\Desktop\o.exe"" ",C:\Users\EEBsYm5\Desktop\,c:\users\eebsym5\desktop\o.exe,c:\documents and settings\ibagx-decrypt.html,documents and settings\ibagx-decrypt.html,c:\,html,Keyboard Layout\Preload,HKEY_CURRENT_USER,,,,,,,,,﻿www.billerimpex.com,HTTP,80,,,5,5,366,e42431d37561cc695de03b85e8e99c9e31321742,Trojan
de4224eca5ac.xml,www.google.com,172.217.21.196,3332,compito italiano.doc.exe,1376,compito italiano.doc.exe,"""C:\Users\FD1HVy\Desktop\compito italiano.doc.exe"" ",C:\Users\FD1HVy\Desktop\,c:\users\fd1hvy\desktop\compito italiano.doc.exe,,,,,SOFTWARE\Microsoft\.NETFramework\v4.0.30319,HKEY_LOCAL_MACHINE,,,,,,,,,,,,,,1,1,0,f4d111ed9cee8cb64431d6d949f534024f734866,Trojan
emotet-2019-09-16.xml,smtp.gmail.com,207.204.50.27,2304,winword.exe,1112,winword.exe,"""C:\Program Files\Microsoft Office\Root\Office16\WINWORD.EXE"" /n",C:\Users\aETAdzjz\Desktop\,c:\program files\microsoft office\root\office16\winword.exe,STD_INPUT_HANDLE,windows\syswow64\ntdll.dll,c:\,exe,CLSID,HKEY_CLASSES_ROOT,"""C:\Users\aETAdzjz\AppData\Local\structsstructs\structsstructs.exe""",REG_SZ,,,,,,,,,,,,17,16,51,dc6369bb21e42dbb370f0f11b9a40ce6e254fa73,UDS
emotet-trickbot-july-2018-analysis.xml,comprealm.net,197.245.46.11,2368,winword.exe,1312,winword.exe,"""C:\Program Files (x86)\Microsoft Office\Office12\WINWORD.EXE""",C:\Users\kFT6uTQW\Desktop\,c:\program files (x86)\microsoft office\office12\winword.exe,STD_OUTPUT_HANDLE,users\kft6utqw\appdata\local\temp\280.exe,c:\,ps1xml,Software\Microsoft\PowerShell\1\PowerShellEngine,HKEY_LOCAL_MACHINE,,,,,,,d41d8cd98f00b204e9800998ecf8427e,MD5,www.icb.cl,HTTP,80,,"
                ",21,14,72,6872e4301bba24de600600cbbb2434b244537134,Trojan
evasive-gootkit-banking-trojan.xml,localhost,109.230.199.30,3392,cscript.exe,2124,cscript.exe,"""C:\Windows\System32\CScript.exe""  ""C:\Users\Nd9E1FYi\Desktop\gootkit_vbs-6ded37a6.vir.vbs"" ",C:\Users\Nd9E1FYi\Desktop\,c:\windows\system32\cscript.exe,STD_OUTPUT_HANDLE,windows\system32\cmd.exe,c:\,ps1xml,Software\AppDataLow,HKEY_CURRENT_USER,3,REG_DWORD_LITTLE_ENDIAN,,,,,,,amd.martatovaglieri.it,HTTP,443,TCP,"
                ",9,7,49,53c7e365d8f55e0b3cf5e958e3b5da05b456a61b,Downloader
evasive-guloader-cloudeye.xml,www.consultgenou.com,217.70.184.50,4296,xeuovifzzc.exe,1376,xeuovifzzc.exe,"""C:\Users\FD1HVy\Desktop\xeuovifzzc.exe"" ",C:\Users\FD1HVy\Desktop\,c:\users\fd1hvy\desktop\xeuovifzzc.exe,,,,,Software\Microsoft\Command Processor,HKEY_LOCAL_MACHINE,,,,,,,,,,,,,,33,4,0,b83834a176fcb3eae08d6c1d34ac1c9acac81228,Trojan
excel-drops-malicious-payload-february-2018.xml,kdotraky.com,101.99.75.184,2352,excel.exe,1100,excel.exe,"""C:\Program Files (x86)\Microsoft Office\Office12\EXCEL.EXE""",C:\Users\kFT6uTQW\Desktop\,c:\program files (x86)\microsoft office\office12\excel.exe,c:\users\kft6utqw\appdata\local\temp\heidi.exe,users\kft6utqw\appdata\local\temp\heidi.exe,c:\,exe,Software\Borland\Locales,HKEY_LOCAL_MACHINE,,,,,,,a6a97f17880e37067c822e14a75bb3af,MD5,kdotraky.com,HTTP,80,TCP,,4,4,6,4d3e7af89f9afb8c5d4b0f7c3f865bb4dbacf327,Downloader
excel-executes-powershell-key-logger-analysis.xml,checkip.dyndns.org,164.160.128.121,1948,excel.exe,1312,excel.exe,"""C:\Program Files (x86)\Microsoft Office\Office12\EXCEL.EXE""",C:\Users\kFT6uTQW\Desktop\,c:\program files (x86)\microsoft office\office12\excel.exe,c:\windows\microsoft.net\framework\v2.0.50727\config\machine.config,windows\microsoft.net\framework\v2.0.50727\config\machine.config,c:\,ps1xml,SOFTWARE\Microsoft\Windows\CurrentVersion\Internet Settings\Connections,HKEY_LOCAL_MACHINE,C:\Users\kFT6uTQW\AppData\Roaming\DURA Automotive Systems Inc\DURA Automotive Systems Inc.exe,REG_SZ,,,,,d41d8cd98f00b204e9800998ecf8427e,MD5,3lionsfactory.ga,HTTP,80,,,6,6,31,6004af991389c178f8c33f30fabd5d48bc2ce4c1,Trojan
f664d5e8a470.xml,dns1.soprodns.ru,185.198.57.157,876,cscript.exe,964,cscript.exe,"""C:\Windows\System32\CScript.exe""  ""C:\Users\5JGHKO~1\Desktop\PRICAZ~1.JS"" ",C:\Windows\system32\,c:\windows\system32\cscript.exe,STD_OUTPUT_HANDLE,users\5jghkoaofdp\appdata\roamingeox20.exe,c:\,mui,Software\Microsoft\Windows Script Host\Settings,HKEY_LOCAL_MACHINE,"""C:\Users\5JgHKoaOfdp\AppData\RoamingeOX20.eXe""",REG_SZ,,,,,e6cf22b643516b1cbc1454324c2aa5cb,MD5,telemetry7win.at,HTTP,80,,,8,5,171,94e0a747af5edf70cd3db0224686f4fe2db2a8aa,Trojan
f7d2c4199f08.xml,139.59.76.44:4000/lib/7z,139.59.76.44:4000,4020,java.exe,2080,java.exe,"""C:\Program Files\Java\jre1.8.0_131\bin\java.exe""  -jar ""C:\Users\CIIHMN~1\Desktop\Remittance_Advice.jar"" ",C:\Users\CIiHmnxMn6Ps\Desktop\,c:\program files\java\jre1.8.0_131\bin\java.exe,STD_OUTPUT_HANDLE,program files\java\jre1.8.0_131\lib\rt.jar,c:\,pyd,Software\Python\PythonCore\2.7\PythonPath,HKEY_CURRENT_USER,,,,,,,,,,HTTP,80,,,3,2,1056,e19af14e7868d00582c820fa0209d24cb3a971b6,Downloader
gandcrab-ransomware-3-0-1-analysis.xml,ns1.wowservers.ru,46.139.176.151,3832,2018-05-22_13-47-32.exe,1500,2018-05-22_13-47-32.exe,"""C:\Users\CIiHmnxMn6Ps\Desktop\2018-05-22_13-47-32.exe"" ",C:\Users\CIiHmnxMn6Ps\Desktop\,c:\users\ciihmnxmn6ps\desktop\2018-05-22_13-47-32.exe,STD_INPUT_HANDLE,users\ciihmnxmn6ps\appdata\roaming\microsoft\tlgmea.exe,c:\,txt,HARDWARE\DESCRIPTION\System\CentralProcessor\0,HKEY_LOCAL_MACHINE,"""C:\Users\CIiHmnxMn6Ps\AppData\Roaming\Microsoft\tlgmea.exe""",REG_SZ,,,,,c0f9e48bf74053ad638796ebbcb2bdf1,MD5,ipv4bot.whatismyipaddress.com,HTTP,80,,,10,5,1269,110f1f98d9ca8b9d4d85941183db0147d2dc2c8d,Ransom
gandcrab-ransomware-4-1-analysis.xml,www.macartegrise.eu,52.29.192.136,3604,jeremy witt's dental records.exe,1500,jeremy witt's dental records.exe,"""C:\Users\CIiHmnxMn6Ps\Desktop\Jeremy Witt's Dental Records.exe"" ",C:\Users\CIiHmnxMn6Ps\Desktop\,c:\users\ciihmnxmn6ps\desktop\jeremy witt's dental records.exe,c:\programdata\696526f7.lock,programdata\696526f7.lock,c:\,txt,Keyboard Layout\Preload,HKEY_CURRENT_USER,,,,,,,87d25f04f055a446f937a3402cc19726,MD5,dna-cp.com,HTTP,80,,,2,2,893,b304bdfd90b5f24180bbe8ef7a19f386e9a4df41,Trojan
grandsoft-exploit-kit-gandcrab-analysis.xml,rated.dadsrnp.xyz,185.183.98.202,2192,iexplore.exe,1380,iexplore.exe,"""C:\Program Files (x86)\Internet Explorer\iexplore.exe"" about:blank",C:\Windows\system32\,c:\program files (x86)\internet explorer\iexplore.exe,STD_OUTPUT_HANDLE,windows\syswow64\svchost.exe,c:\,crab,HARDWARE\DESCRIPTION\System\CentralProcessor\0,HKEY_LOCAL_MACHINE,,,,,,,41dc497fc38c5cb08ca9943bd5b7e48a,MD5,rated.dadsrnp.xyz,HTTP,80,,,8,7,1090,6ac13f29871de231382d6e46ddc6b10b38bce193,Exploit
gryphon-ransomware-analysis.xml,weekendfakc.top,54.205.205.46,2312,winword.exe,1376,winword.exe,"""C:\Program Files\Microsoft Office\Office14\WINWORD.EXE""",C:\Users\YbZ8BTYYvts 7lFSQB0g\Desktop\,c:\program files\microsoft office\office14\winword.exe,STD_ERROR_HANDLE,users\ybz8btyyvts 7lfsqb0g\ntuser.ini.4035,c:\,4035,Software\Microsoft\PowerShell\1\PowerShellEngine,HKEY_LOCAL_MACHINE,C:\Users\YbZ8BTYYvts 7lFSQB0g\AppData\Roaming\Temp13684.exe,REG_SZ,,,,,b3713b894a8d7f366299a3d0a3449485,MD5,weekendfakc.top,HTTP,80,TCP,,10,6,3127,499a74573cf6aaa8e79c05d1b6d59dbbfb7402e1,Downloader
guloader-delivering-azorult.xml,kalpvedafoundation.com,192.185.76.89,2876,winword.exe,1112,winword.exe,"""C:\Program Files\Microsoft Office\Root\Office16\WINWORD.EXE"" /n",C:\Users\aETAdzjz\Desktop\,c:\program files\microsoft office\root\office16\winword.exe,,,,,Software\Microsoft\Office\16.0\Outlook\Profiles\Outlook\9375CFF0413111d3B88A00104B2A6676\00000002,HKEY_LOCAL_MACHINE,,,,,,,,,,,,,,6,6,0,3d07f8db1010627f1481b5fde714185215971935,UDS
hancitor-malware.xml,foandrenla.com,,2140,winword.exe,1108,winword.exe,"""C:\Program Files (x86)\Microsoft Office\Root\Office16\WINWORD.EXE""",C:\Windows\system32,c:\program files (x86)\microsoft office\root\office16\winword.exe,STD_OUTPUT_HANDLE,users\hjrd1koky ds8lujv\appdata\roaming\convincingly.exe,c:\,exe,Software\Microsoft\Command Processor,HKEY_CURRENT_USER,,,,,,,eeef5204913a313f64a2e06dea22b936,MD5,,,,,,19,14,37,79b146a68010592fb40aa240bfbd8f8b45778e5a,Downloader
hawkeye-order-ref-ftp.xml,ftp.r2v2.co.uk,216.37.42.30,4044,order ref ftp.exe,2080,order ref ftp.exe,"""C:\Users\CIiHmnxMn6Ps\Desktop\order ref ftp.exe"" ",C:\Users\CIiHmnxMn6Ps\Desktop\,c:\users\ciihmnxmn6ps\desktop\order ref ftp.exe,c:\windows\microsoft.net\framework\v2.0.50727\config\machine.config,windows\microsoft.net\framework\v2.0.50727\config\machine.config,c:\,tmp,SOFTWARE\Microsoft\Windows\CurrentVersion\Internet Settings\Connections,HKEY_CURRENT_USER,,,,,,,,,,,55376,TCP,"
                ",3,2,8,97a0258bf8243cd12f2051d54ca36db8cf85842e,PSWTool
hentai-oniichan-ransomware-berserker.xml,smtp.gmail.com,74.125.205.109,4464,vinfk.exe,1376,vinfk.exe,"""C:\Users\FD1HVy\Desktop\vinfk.exe"" ",C:\Users\FD1HVy\Desktop\,c:\users\fd1hvy\desktop\vinfk.exe,,,,,Software\Microsoft\PowerShell\3\PowerShellEngine,HKEY_LOCAL_MACHINE,Unrestricted,REG_SZ,,,,,,,,,,,,198,112,0,230aa8c348dcfa88698d2aaaae694d623c19b76b,Trojan
iqy-file-flawedammyy-rat-analysis.xml,brembotembo.com,185.222.202.139,2092,excel.exe,1496,excel.exe,"""C:\Program Files\Microsoft Office\Office16\EXCEL.EXE""",C:\Users\qj4SUKboE\Desktop\,c:\program files\microsoft office\office16\excel.exe,STD_OUTPUT_HANDLE,programdata\settings\wsus.exe,c:\,exe,Software\Microsoft\PowerShell\1\PowerShellEngine,HKEY_LOCAL_MACHINE,52393308,REG_SZ,,,,,3e3d2e9fe0976c4c8d4c6be03f5d7c79,MD5,brembotembo.com,HTTP,80,TCP,"
                ",21,12,56,c1973ccf7000a0e45f501cb31ca37e9c10084f62,Downloader
iqy-powershell-malicious-exe.xml,localhost,31.202.128.249,2476,excel.exe,1664,excel.exe,"""C:\Program Files\Microsoft Office\Office15\EXCEL.EXE""",C:\Users\aDU0VK IWA5kLS\Desktop\,c:\program files\microsoft office\office15\excel.exe,STD_OUTPUT_HANDLE,users\adu0vk~1\appdata\local\temp\total.exe,c:\,ps1xml,Software\Microsoft\Command Processor,HKEY_LOCAL_MACHINE,C:\Users\aDU0VK IWA5kLS\AppData\Roaming\winpoint.exe,REG_SZ,,,,,,,ms365box.com,HTTP,80,,,9,7,33,4ae82c4536463c25b31736503308b32f5a42ff59,Trojan
jaff-ransomware.xml,babil117.com,219.118.71.141,2460,acrord32.exe,2000,acrord32.exe,"""C:\Program Files (x86)\Adobe\Reader 9.1.0\Reader\AcroRd32.exe"" """"",C:\Users\hJrD1KOKY DS8lUjv\Desktop,c:\program files (x86)\adobe\reader 9.1.0\reader\acrord32.exe,c:\users\hjrd1k~1\appdata\local\temp\eewadro20,users\hjrd1k~1\appdata\local\temp\eewadro20,c:\,jaff,Software\Microsoft\Command Processor,HKEY_CLASSES_ROOT,,,,,,,466db2d02db000f686f48c0700beb840,MD5,babil117.com,HTTP,80,TCP,,4,4,1867,096671e8e548e119561e702013a7a768b8e4e2e4,Downloader
keylogger-packed-open-source-crypter.xml,koko35.ddns.net,109.60.97.243,296,muziko66.exe,1288,muziko66.exe,"""C:\Users\CIiHmnxMn6Ps\Desktop\muziko66.EXE"" ",C:\Users\CIiHmnxMn6Ps\Desktop\,c:\users\ciihmnxmn6ps\desktop\muziko66.exe,c:\users\ciihmn~1\appdata\local\temp\ciihmnxmn6ps2.txt,users\ciihmn~1\appdata\local\temp\ciihmnxmn6ps2.txt,c:\,exe,Software\Microsoft\Windows\CurrentVersion\Policies\Explorer\Run,HKEY_LOCAL_MACHINE,C:\Windows\system32\install\svchost.exe,REG_EXPAND_SZ,,,,,,,,,,,,48,15,26,0886bb5f98a43c7464115644756c9a15bd95af54,Ransom
locky-ransomware-lukitus-analysis.xml,http://calster.be/87wifhFsdf,212.109.220.109,2520,winword.exe,1404,winword.exe,"""C:\Program Files\Microsoft Office\Root\Office16\WINWORD.EXE""",C:\Users\aETAdzjz\Desktop\,c:\program files\microsoft office\root\office16\winword.exe,c:\users\aetadzjz\appdata\local\temp\agraba8.exe,users\aetadzjz\appdata\local\temp\agraba8.exe,c:\,lukitus,Software\Microsoft\VBA\7.1\Common,HKEY_CLASSES_ROOT,0,REG_SZ,,,,,03ba639109a5ad5406f423d1d4d472fa,MD5,calster.be,HTTP,80,,,11,8,459,4bd7a1b511c1f33f635ce05045ad66c4cb3840a5,Downloader
macro-less-word-doc-dde-analysis.xml,127.0.0.1,213.183.51.187,2444,winword.exe,1560,winword.exe,"""C:\Program Files\Microsoft Office\Office15\WINWORD.EXE""",C:\Users\BGC6u8Oy yXGxkR\Desktop\,c:\program files\microsoft office\office15\winword.exe,STD_OUTPUT_HANDLE,users\bgc6u8~1\appdata\local\temp\iun4816.bat,c:\,ps1xml,Software\Microsoft\Command Processor,HKEY_LOCAL_MACHINE,CutBat,REG_SZ,,,,,64b2ac701a0d67da134e13b2efc46900,MD5,,HTTP,80,TCP,,26,18,58,31bad7ea8606e3e6d98692fa9f4b3f18ebb3c809,Downloader
malicious-javascript-myob-attack-analysis.xml,https://moranaccountants-my.sharepoint.com/personal/lily_moranaccountants_com_au/_layouts/15/guestaccess.aspx?docid=03559bd7bd473450fab4c679cae4be913&authkey=AXWiRPNRVvwj9BsVKKyrAsc&e=259ca72ab9534857b5c3964310916b09,192.99.181.10,2472,cscript.exe,1372,cscript.exe,"""C:\Windows\System32\CScript.exe""  ""C:\Users\5P5NRG~1\Desktop\MYOBSU~1.JS"" ",C:\Windows\system32\,c:\windows\system32\cscript.exe,STD_OUTPUT_HANDLE,users\5p5nrg~1\desktop\myobsu~1.js,c:\,exe,Software\Microsoft\Windows Script Host\Settings,HKEY_LOCAL_MACHINE,,,,,,,7c71ee83af910dec760c54b96ae19f9a,MD5,moranaccountants-my.sharepoint.com,HTTP,443,TCP,,5,4,20,29b7ca174c735c54ea1e1aedbc98517e75f8cead,Trojan
malicious-word-doc-nov-2017-analysis.xml,www.indpts.com,108.163.227.35,2516,winword.exe,1412,winword.exe,"""C:\Program Files\Microsoft Office\Root\Office16\WINWORD.EXE""",C:\Users\aETAdzjz\Desktop\,c:\program files\microsoft office\root\office16\winword.exe,STD_INPUT_HANDLE,programdata\fb2f.tmp,c:\,ps1xml,Software\Microsoft\PowerShell\1\PowerShellEngine,HKEY_LOCAL_MACHINE,,,,,,,d41d8cd98f00b204e9800998ecf8427e,MD5,www.indpts.com,HTTP,80,TCP,,15,11,38,678dc05873c09fd280da2030aa630b0b42d986ad,Downloader
malware-uses-jar.xml,adom2.com.br,127.0.0.1,2924,java.exe,1264,java.exe,"""C:\Program Files\Java\jre1.8.0_92\bin\java.exe""  -jar ""C:\Users\DSsDPMx042\Desktop\Duplicata0.jar"" ",C:\Users\DSsDPMx042\Desktop,c:\program files\java\jre1.8.0_92\bin\java.exe,STD_OUTPUT_HANDLE,users\public\n3eg\n3e.vbs,c:\,exe,Software\Microsoft\Windows Script Host\Settings,HKEY_CURRENT_USER,0,REG_DWORD_LITTLE_ENDIAN,,,,,9fffd4e723eebc43d03333c1a4413ab4,MD5,,HTTP,80,TCP,,13,10,53,fba04d13da22168a6f6d0e0a9d893b0938d4abbf,Downloader
ms-access-email-drops-keylogger-analysis.xml,127.0.0.1,45.55.57.244,3616,msaccess.exe,1836,msaccess.exe,"""C:\Program Files\Microsoft Office\Office15\MSACCESS.EXE""",C:\Users\JPenUM\Desktop\,c:\program files\microsoft office\office15\msaccess.exe,STD_OUTPUT_HANDLE,users\jpenum\appdata\local\temp\mw-3cee3894-a0d4-4f50-a87c-21985e988377\files\msmpeng.exe,c:\,exe,Software\Microsoft\Windows\CurrentVersion\Installer\InProgress,HKEY_LOCAL_MACHINE,,,,,,,,,jplymell.com,HTTP,443,TCP,,15,10,33,c81a4306207d6aedd9d4ec5b6e4b828bca8e20ab,Downloader
obfuscated-autoit-malware-analysis.xml,jluxi.dynu.com,185.62.188.68,2560,9c3648e343b57ebf1fb3fe567deceb0da3499989dd56d4e82dd8911c3adf239d.exe,1624,9c3648e343b57ebf1fb3fe567deceb0da3499989dd56d4e82dd8911c3adf239d.exe,"""C:\Users\EEBsYm5\Desktop\9c3648e343b57ebf1fb3fe567deceb0da3499989dd56d4e82dd8911c3adf239d.exe"" ",C:\Users\EEBsYm5\Desktop\,c:\users\eebsym5\desktop\9c3648e343b57ebf1fb3fe567deceb0da3499989dd56d4e82dd8911c3adf239d.exe,c:\users\eebsym5\appdata\local\temp\60484525\hin.ppt,users\eebsym5\appdata\local\temp\60484525\hin.ppt,c:\,txt,Software\34419-GRNPWA\,HKEY_CURRENT_USER,C:\Users\EEBsYm5\AppData\Local\Temp\60484525\cih.exe C:\Users\EEBsYm5\AppData\Local\Temp\60484525\cvn-nhc,REG_SZ,,,,,d41d8cd98f00b204e9800998ecf8427e,MD5,,,1991,TCP,,15,9,147,045e46667befb09b91ff797bdee91e5ef43d2366,Dropper
obfuscated-jar-drops-adwind-rat-analysis.xml,ZgW5tdPu,fe80:0000:0000:0000:5969:84a4:f9e2:1f2b,3264,java.exe,940,java.exe,"""C:\Program Files\Java\jre7\bin\java.exe""  -jar ""C:\Users\2XC7U6~1\Desktop\Bissell New PO.qrypted.jar"" ",C:\Users\2XC7u663GxWc\Desktop\,c:\program files\java\jre7\bin\java.exe,STD_OUTPUT_HANDLE,users\2xc7u663gxwc\.accessibility.properties,c:\,jar,Software\Microsoft\Windows Script Host\Settings,HKEY_CURRENT_USER,"""C:\Users\2XC7u663GxWc\AppData\Roaming\Oracle\bin\javaw.exe"" -jar ""C:\Users\2XC7u663GxWc\cqsFQOTqbmg\zoIZCxYZMIr.EAMkwm""",REG_EXPAND_SZ,,,,,,,,,,,"
                ",35,20,160,be9e3ae27e19694034f0f7ae81b162befd61689c,Trojan
ordinypt-wiper.xml,,,2556,ofgzdr.exe,1488,ofgzdr.exe,"""C:\Users\EEBsYm5\Desktop\ofgzdr.exe"" ",C:\Users\EEBsYm5\Desktop\,c:\users\eebsym5\desktop\ofgzdr.exe,,,,,Software\Borland\Locales,HKEY_CURRENT_USER,,,,,,,,,,,,,,1,1,0,4a1b74432e38a1dfbd0b3336547cd764a25886e2,Ransom
petya-not-petya.xml,,192.168.0.0,2376,Petya.dll,264,Petya.dll,"""C:\Windows\SysWOW64\AGakmVMR.exe"" ""C:\Users\HJRD1K~1\Desktop\Petya.dll"" #1",C:\Windows\system32,c:\windows\syswow64\agakmvmr.exe,STD_OUTPUT_HANDLE,users\hjrd1k~1\appdata\local\temp\6b4.tmp,C:\,tmp,Software\Microsoft\Command Processor,HKEY_CURRENT_USER,,,,,,,9a7ffe65e0912f9379ba6e8e0b079fde,MD5,,,445,TCP,,11,5,143,34f917aaba5684fbe56d3c57d48ef2a1aa7cf06d,Ransom
rtf-doc-cve-2017-11882-analysis.xml,doc2th.com,192.232.251.15,2396,winword.exe,1552,winword.exe,"""C:\Program Files\Microsoft Office\Office15\WINWORD.EXE""",C:\Users\BGC6u8Oy yXGxkR\Desktop\,c:\program files\microsoft office\office15\winword.exe,STD_INPUT_HANDLE,Windows\SYSTEM32\ntdll.dll,\??\C:\,ps1xml,Software\Microsoft\Internet Explorer\Main\FeatureControl,HKEY_LOCAL_MACHINE,C:\Program Files\Crfitq6x\gdigzvh.exe,REG_SZ,,,,,437efd63bf864669ef4312750c25c462,MD5,doc2th.com,HTTP,80,TCP,"
                ",11,8,40,d1b8a2414232fbeb997dcb4fdc1d9969137a5445,Exploit
rtf-doc-cve-exploit-analysis.xml,www.samyrai777m.p-host.in,185.211.244.133,2480,winword.exe,1324,winword.exe,"""C:\Program Files\Microsoft Office\Root\Office16\WINWORD.EXE""",C:\Users\aETAdzjz\Desktop\,c:\program files\microsoft office\root\office16\winword.exe,STD_INPUT_HANDLE,windows\system32\windowspowershell\v1.0\wsman.format.ps1xml,c:\,ps1xml,Software\Microsoft,HKEY_CURRENT_USER,,,,,,,d41d8cd98f00b204e9800998ecf8427e,MD5,www.samyrai777m.p-host.in,HTTP,80,TCP,,12,8,36,18bb1da68d2073efb52ce3792311b15e958d85a5,Exploit
tdl4-rootkit.xml,127.0.0.1,,2004,cb91b8695d3990b5b5eae8a714bd357e.exe,1376,cb91b8695d3990b5b5eae8a714bd357e.exe,"""C:\Users\hJrD1KOKY DS8lUjv\Desktop\cb91b8695d3990b5b5eae8a714bd357e.exe"" ",C:\Users\hJrD1KOKY DS8lUjv\Desktop,c:\users\hjrd1koky ds8lujv\desktop\cb91b8695d3990b5b5eae8a714bd357e.exe,c:\users\hjrd1k~1\appdata\local\temp\3bd8.tmp,users\hjrd1k~1\appdata\local\temp\3bd8.tmp,C:\,exe,software\microsoft\windows\currentversion\internet settings\zones\3,HKEY_CURRENT_USER,0,REG_DWORD_LITTLE_ENDIAN,,,,,d41d8cd98f00b204e9800998ecf8427e,MD5,6zrt3vuwf-39qwkam.com,HTTP,80,TCP,,29,14,44,3cd6ef10dd6cbe6f158a360cf5b112cef2e18304,Trojan
trickbot-2019-05-16.xml,91.248.182.84.zen.spamhaus.org,185.255.55.29,3408,radiance.png.exe,1564,radiance.png.exe,"""C:\Users\2XC7u663GxWc\Desktop\radiance.png.exe"" ",C:\Users\2XC7u663GxWc\Desktop\,c:\users\2xc7u663gxwc\desktop\radiance.png.exe,STD_OUTPUT_HANDLE,windows\system32\windowspowershell\v1.0\getevent.types.ps1xml,c:\,ps1xml,Software\Policies\Google\Chrome\CertificateTransparencyEnforcementDisabledForUrls,HKEY_LOCAL_MACHINE,1,REG_SZ,,,,,,,,,,,,47,26,140,574aa8b8d8bc98cda8038f8a5084d36367e4ce82,Banker
unnam3d-ransomware.xml,,,348,gblyrzexggw.exe,1628,gblyrzexggw.exe,"""C:\Users\WhuOXYsD\Desktop\gblyrzexggw.exe"" ",C:\Users\WhuOXYsD\Desktop\,c:\users\whuoxysd\desktop\gblyrzexggw.exe,STD_OUTPUT_HANDLE,windows\microsoft.net\framework\v4.0.30319\clrjit.dll,c:\,xlsx,Software\WinRAR\Profiles\0,HKEY_CURRENT_USER,0,REG_DWORD_LITTLE_ENDIAN,,,,,,,,,,,,9,7,200,c7155a3d2dd0ff0ff2f746b79998a5aabe79735f,Ransom
wannacry-ransomware.xml,www.iuqerfsodp9ifjaposdfjhgosurijfaewrwergwea.com,127.0.0.1,2340,wanadecrypt0r.bin.exe,1276,wanadecrypt0r.bin.exe,"""C:\Users\DSsDPMx042\Desktop\WanaDecrypt0r.bin.exe"" ",C:\Users\DSsDPMx042\Desktop,c:\users\dssdpmx042\desktop\wanadecrypt0r.bin.exe,c:\windows\temp\hibsys.wncryt,windows\temp\hibsys.wncryt,C:\,wncryt,Software\Microsoft\Command Processor,HKEY_LOCAL_MACHINE,C:\ProgramData\qxtqusdnjzrizx418,REG_SZ,Microsoft Security Center (2.0) Service,SERVICE_WIN32_OWN_PROCESS,C:\Users\DSsDPMx042\Desktop\WanaDecrypt0r.bin.exe -m security,SERVICE_AUTO_START,84c82835a5d21bbcf75a61706d8ab549,MD5,www.iuqerfsodp9ifjaposdfjhgosurijfaewrwergwea.com,HTTP,80,TCP,,79,30,1374,e889544aff85ffaf8b0d0da705105dee7c97fe26,Ransom
word-doc-context-aware-payload.xml,www.events4u.cz,93.185.102.11,2324,winword.exe,1384,winword.exe,"""C:\Program Files\Microsoft Office\Office15\WINWORD.EXE""",C:\Users\aDU0VK IWA5kLS\Desktop\,c:\program files\microsoft office\office15\winword.exe,STD_INPUT_HANDLE,windows\system32\windowspowershell\v1.0\getevent.types.ps1xml,c:\,ps1xml,Software\Microsoft\PowerShell\1\PowerShellEngine,HKEY_LOCAL_MACHINE,,,,,,,0ebfd6e45dea48c7f54b5574d69da458,MD5,www.events4u.cz,HTTP,80,TCP,,11,9,45,c54b16bd6a507bbbb832c4c62b894f426acecf31,Trojan
word-doc-downloads-emotet.xml,kerineal.com,184.168.152.148,2552,winword.exe,1524,winword.exe,"""C:\Program Files\Microsoft Office\Root\Office16\WINWORD.EXE""",C:\Users\ATVeyDl98Z\Desktop\,c:\program files\microsoft office\root\office16\winword.exe,c:\email.doc,email.doc,c:\,ps1xml,Software\Microsoft\PowerShell\1\PowerShellEngine,HKEY_LOCAL_MACHINE,"""C:\Users\ATVeyDl98Z\AppData\Local\Microsoft\Windows\viewcom.exe""",REG_SZ,,,,,d41d8cd98f00b204e9800998ecf8427e,MD5,kerineal.com,HTTP,80,TCP,,11,8,45,19142bb0a5cdb0a7ad3520d1693ef5f3761d6d9a,Trojan
wsf-payload-server-accept-connections-analysis.xml,resolver1.opendns.com,127.0.0.1,3968,cscript.exe,1832,cscript.exe,"""C:\Windows\System32\CScript.exe""  ""C:\Users\CIIHMN~1\Desktop\2999BA~1.WSF"" ",C:\Windows\system32\,c:\windows\system32\cscript.exe,STD_OUTPUT_HANDLE,windows\system32\ntdll.dll,c:\,tmp,Software\AppDataLow\Software\Microsoft\07430283-BA24-D1EC-FC2B-8E95F08FA299,HKEY_CURRENT_USER,0,REG_DWORD_LITTLE_ENDIAN,,,,,d41d8cd98f00b204e9800998ecf8427e,MD5,www.atdrrtd.vs,HTTP,443,TCP,"
                ",22,14,1435,aa6cbb4f448a3e7654bc7272936239f176e05712,Trojan
zerocleare-1.xml,,,1456,clientupdate.exe,1092,clientupdate.exe,"""C:\Users\5p5NrGJn0jS HALPmcxz\Desktop\ClientUpdate.exe"" ",C:\Users\5p5NrGJn0jS HALPmcxz\Desktop\,c:\users\5p5nrgjn0js halpmcxz\desktop\clientupdate.exe,,,,,Software\Microsoft\Command Processor,HKEY_CURRENT_USER,,,VBoxDrv,SERVICE_KERNEL_DRIVER,C:\Users\5p5NrGJn0jS HALPmcxz\Desktop\saddrv.sys,SERVICE_DEMAND_START,,,,,,,,101,11,0,bf60dd0f4f3069405365f6edc3766da9d0122bf8,Spy
zeus-panda-banking-trojan-analysis.xml,330f35e9f647.loan/31F9UVfEun/0I1aalj/7QGREH4HU/RK/5rEg,,4032,zeuspanda.vir.exe,1832,zeuspanda.vir.exe,"""C:\Users\CIiHmnxMn6Ps\Desktop\zeuspanda.vir.exe"" ",C:\Users\CIiHmnxMn6Ps\Desktop\,c:\users\ciihmnxmn6ps\desktop\zeuspanda.vir.exe,c:\users\ciihmnxmn6ps\appdata\roaming\macromedia\flash player\macromedia.com\support\flashplayer\sys\pgyfoaei3.wix,users\ciihmnxmn6ps\appdata\roaming\macromedia\flash player\macromedia.com\support\flashplayer\sys\pgyfoaei3.wix,c:\,exe,SOFTWARE\Microsoft\Ombi,HKEY_CURRENT_USER,"""C:\Users\CIiHmnxMn6Ps\AppData\Roaming\Macromedia\Flash Player\macromedia.com\support\flashplayer\sys\containers.exe""",REG_SZ,,,,,d41d8cd98f00b204e9800998ecf8427e,MD5,330f35e9f647.loan,HTTP,443,,,26,15,164,8011fd0a959b7d17696306c4ab36c4974540cada,Spy
